image1,image2,name,summery
https://st.hzcdn.com/simgs/6991c57d0f9cec5e_9-2946,https://st.hzcdn.com/simgs/80d19bc00f9cec5f_9-2946,Pemberly Row Wood Dining Swivel Counter Stools in Distressed Gray (Set of 2),
https://st.hzcdn.com/simgs/ff11f8f60e9f6ea1_9-3042,https://st.hzcdn.com/simgs/9ec1a41c0e9f6ea5_9-3185,"Nicole Miller Marc Velvet Accent Chair With Acrylic Legs, Purple","accent chair,apartment,bed-room,Chic,classic,college,commercial,contemporary,cute,dining chair,dorm,frame,functional,glam,glass,Home,house,living-room,luxe,midcentury,modern,padded,seat back,stainless steel,studio"
https://st.hzcdn.com/simgs/828106e40b046a2f_9-5612/home-design.jpg,,"Hannah Velvet Dining Chairs, Set of 2, Black","accent chair,beige,Best,black,chair,contemporary,contemporary chair,cream,grey,meridian,meridian furniture,modern,nailhead chair,navy,pink,sky blue,transitional,tufted chair,velvet,velvet chair"
https://st.hzcdn.com/simgs/eca1acfa0bc5effa_9-3671,https://st.hzcdn.com/simgs/1f2190fe0bc5effb_9-3671,"Uttermost 23244 Gamlin - 41"" Counter Stool","counter,gamlin gray,stool,uttermost"
https://st.hzcdn.com/simgs/90c122ff058aa89e_9-1960/home-design.jpg,,Baxton Studio Marquis Tan Microfiber Club Chair,"accent chair cheap,accent chair contemporary,accent chair cushions,accent chair decorating ideas,accent chair designs,Accent Chair fabric,accent chair upholstered,accent chairs for living room,accent chairs with arms"
https://st.hzcdn.com/simgs/46b13b4a07169133_9-3031,https://st.hzcdn.com/simgs/389106e507169138_9-3031,Glacier Country Collection Side Chair With Ergonomic Wooden Seat,"dining chair,dining room,genuine lodge pole pine,hand crafted,heirloom quality,kitchen chair,log furniture,made in montana,Made in U.S.A.,montana woodworks,rustic furniture,side chair,solid wood"
https://st.hzcdn.com/simgs/f1112e190ec8f23a_9-7980/home-design.jpg,,"Swivel Performance Velvet Armchair, White","affordable,armchair,Armchair set,Armchair White,armchair yellow,chair,Dining,Dining Armchair Set,free shipping,furniture,Home,home d�cor,Home Interior,houzz armchair,indoor,leather armchair,luxurious swivel armchair;velvet polyester upholstery;durabl,modern furniture,Outdoor,Outdoor armchair,patio armchair,performance velvet armchair,sofa,upholstered armchair,velvet armchair"
https://st.hzcdn.com/simgs/559115010c378f87_9-9378,https://st.hzcdn.com/simgs/10311f450c378f89_9-6966,"Paloma Cognac Velvet Accent Chair, Cognac",
https://st.hzcdn.com/simgs/16a17ef50f9068fe_9-2086,https://st.hzcdn.com/simgs/5201ffb10f9068ff_9-3657,"GDF Studio Oliver Farmhouse Armchair, Green Checkerboard/Dark Brown",
https://st.hzcdn.com/simgs/3a2144320d0d2e19_9-8773,https://st.hzcdn.com/simgs/006140ec0d0d2e1a_9-6128,"West Palm Living Room Accent Chair in Rustic Oak, Beige","Beige accent chair,living room accent chair,Rustic Arm Accent Chair,taupe accent chair,Weathered Oak Accent Chair,wood accent chair"
https://st.hzcdn.com/simgs/adc12773025c7ac3_9-1213/home-design.jpg,,"Boheme Leather Chair, Optic White, Set of 2",
https://st.hzcdn.com/simgs/4041c32c0b1051d4_9-9686,https://st.hzcdn.com/simgs/2d61e5af0b1051d7_9-0076,"Modern Dining Chairs Wood Armchairs, Set of 2, Natural","2xhome chairs,2xhome Wood Chairs,dining chair,dining room chair,living room chair,modern chairs,wood legs,woven papercord seat,Y Chairs"
https://st.hzcdn.com/simgs/38f195490ae8fffe_9-9568,https://st.hzcdn.com/simgs/b6b1b8190ae90000_9-7498,"Giselle Velvet Dining Chairs, Set of 2, Pink, Gold Base","accent chair,armless,Dining,elegant,metal,modern,traditional,upholstered,velvet"
https://st.hzcdn.com/simgs/e1f1ccd70f931da2_9-3542,https://st.hzcdn.com/simgs/a4010a920f931da3_9-3709,"Victoria Modern Dining Chair With Beech Wood Legs, Set of 2",
https://st.hzcdn.com/simgs/b3a1b3160f27b2df_9-0488,https://st.hzcdn.com/simgs/25b18d4e0f27b2e9_9-0488,"High Wingback Linen Armchair, Purple","accent chair,accent chairs tufted nailhead chair,classic chair,club chair,high back chair,leather armchair,leather chair leather wingback chair,linen chair,living lounge chair,living room chair,modern chair,nailhead chair,recliner chairs,relax chair,tufted chair,velvet chair,wingback chair"
https://st.hzcdn.com/simgs/bbd1bc8b0ae90006_9-2171,https://st.hzcdn.com/simgs/bf9182580ae90009_9-2171,"Karina Velvet Dining Chairs, Set of 2, Pink, Gold Base","accent chair,beige,Best,black,chair,contemporary,contemporary chair,cream,grey,meridian,meridian furniture,modern,nailhead chair,navy,pink,sky blue,transitional,tufted chair,velvet,velvet chair"
https://st.hzcdn.com/simgs/188158de05b01de2_9-0281,https://st.hzcdn.com/simgs/4351474205b01de6_9-0281,"Sienna Leather Dining Chair, Matte Ochre","Dining,frame construction,frame details,fully clad in leather,leather,ochre,steel frame"
https://st.hzcdn.com/simgs/46e12cae0db1c272_9-7309,https://st.hzcdn.com/simgs/af81daab0db1c274_9-7403,"Nikki Velvet Dining Chairs, Set of 2, Navy","beautiful,Best,comfortable,contemporary,dining chairs,modern,set of Dining Chairs,transitional,transitional dining chair set,transitional dining chairs,tufted,velvet,velvet dining chair set,velvet dining chairs,wood,wooden dining chair set,wooden dining chairs"
https://st.hzcdn.com/simgs/4ab1269a09d67c31_9-7911,https://st.hzcdn.com/simgs/68c1359109d67c32_9-7911,Monarch Faux Leather Accent Chair in Black,"arm chair,single chair,solid,transitional"
https://st.hzcdn.com/simgs/119173ad0790db41_9-7385/home-design.jpg,,"Chair, Sixteen, Taupe","acrila,acrylic,animal pattern,Baroque,barstool,bench,chair,colorful,console,contemporary,French,lucite,luxury,modern,printed patterns,side table,stylish,transparent,zebra"
https://st.hzcdn.com/simgs/a8419bd50ae8dd13_9-4265,https://st.hzcdn.com/simgs/ad51949d0ae8dd16_9-4265,"Wesley Walnut Finished Wood Dining Chair, Set of 2, Light Gray",mid-century chair/modern chair/accent furniture/contemporary
https://st.hzcdn.com/simgs/22e1b5950d2f697b_9-4404,https://st.hzcdn.com/simgs/cb516be20d4450aa_9-4404,"Armless Accent Chair, Brown Faux Leather","armless,bed,Bedroom,black,brown,chair,charcoal,cream,Dining,gold,gray,grey,high back,ivory,leather,living room,lounge,off-white,plaid,room,seat,square,stripe,tan,tufted,upholstered,upholstery,velvet,white"
https://st.hzcdn.com/simgs/5fc163b90e966d30_9-0939,https://st.hzcdn.com/simgs/6471ad000e966d2a_9-0939,"Larisa Barrel Chair, Tropical",
https://st.hzcdn.com/simgs/0f0172c90f907851_9-1813,https://st.hzcdn.com/simgs/409102ca0f907853_9-3645,"GDF Studio Evelyn Mid Century Modern Fabric Arm Chair, Mocha/Walnut",
https://st.hzcdn.com/simgs/9c5108170b48767c_9-1482,https://st.hzcdn.com/simgs/52b102b70b48767e_9-1482,Divani Casa Joseph Modern Orange Fabric Accent Chair,"accent chair,metal,orange,upholstered,velour"
https://st.hzcdn.com/simgs/219136950e828eee_9-5117,https://st.hzcdn.com/simgs/46d1cc7b0e828ef1_9-5117,"Grand Club Chair, Light Gray","grey chairs,leather arm chairs,leather chairs,living room chairs,moe's home collection chairs,moe's home collection living room,slipper chairs,sofa chairs,upholstered chairs"
https://st.hzcdn.com/simgs/2941349f0f35d739_9-1480,https://st.hzcdn.com/simgs/8de155180f35d731_9-3899,"CosmoLiving Ellis Modern Metal Accent Chair, Blush Pink","accent chair,modern"
https://st.hzcdn.com/simgs/f931ed470575da61_9-4722/home-design.jpg,,"Leatherette Dining Chairs, Set of 2, Brown","at home usa,dining chairs,white dining chairs"
https://st.hzcdn.com/simgs/1a1163c10a7c87c4_9-9046,https://st.hzcdn.com/simgs/b9014e500a7c87c7_9-9046,"Nika Dining Chair, Seat: Matte Black, Frame: Polished Silver","armless dining chair,Artificial Leather Dining Chair,black dining chair,black guest chair,black leather dining chair,black side chair,chrome dining chair,contemporary dining chair,faux leather dining chair,glamorous regency chair,HGTB447,Hollywood Regency chair,kitchen chair,modern dining chair,nika dining chair"
https://st.hzcdn.com/simgs/b5d128bb0fda3577_9-6298,https://st.hzcdn.com/simgs/384134580fda357a_9-6298,"Shell Chair, White","accent,accent chairs,chair,chairs,contemporary desk chair,Danish,desk chair,fine,Fine Mod,Fine Mod Imports,fine mod imports shell chair in white leather,finemod,fmi1162-white,furniture,home accent,home decor,imports,leather,mid century decor,midcentury,midcentury modern house,mod,Modern Mid century,oak,oak wood,oak wood desk chair,white,white desk chair"
https://st.hzcdn.com/simgs/e991ce2f07102df0_9-5562,https://st.hzcdn.com/simgs/1671e4ab07102df1_9-8135,Savonarola Chair,"chair,chairs,Dark brown chair,dark brown chairs,design toscano,furniture,hand carved chairs,renaissance chair,renaissance chairs,Savonarola chair,savonarola chair hand carved chairs,savonarola chairs,solid chair chairs,solid wood chair"
https://st.hzcdn.com/simgs/6da180c50f3fe8b2_9-6499,https://st.hzcdn.com/simgs/d921a6410f3fe8b3_9-7270,Barton Wing Chair,"barton high back office chair,blue chair,cozy armchair,Faux Linen Living Room Chairs,hardwood,Madison Park Barton Accent Chairs,modern classic style,Plywood lounge chair,silver nail heads chair,Statement chairs,swoop arm accent chair,Swoop Arm Bedroom Chairs Seats,teal chair,wingback accent chair,winged armchair"
https://st.hzcdn.com/simgs/994150580b7b491d_9-9102,https://st.hzcdn.com/simgs/4c8168a10b7b491a_9-9102,"Naomi Velvet Chair, Gold and Chrome Leg Set, Gray","14003,accent chair,chair,chairs,chrome,comfortable,contemporary,elegant,gold,gold and chrome,gold finish,modern,nice,Pretty,velvet"
https://st.hzcdn.com/simgs/93e111e00b96937f_9-2677,https://st.hzcdn.com/simgs/c01175b40b884c18_9-4820,"Milano Dining Chair, Gray","black and white,contemporary,cream,curved,curved chair,Dining,dining chair,dining chairs,dining room,eggshell,leather,metal,modern,off white,white"
https://st.hzcdn.com/simgs/8211af240cd7f4c9_9-5307,https://st.hzcdn.com/simgs/d771482a07f82adb_9-5307,"Modrest Nisse Contemporary Leatherette Dining Chairs, Set of 2, Gray, Chrome",dining chair
https://st.hzcdn.com/simgs/7991f9c60d3f1428_9-8327,https://st.hzcdn.com/simgs/53314d500d3f1425_9-0638,"Carwyn Accent chair With Footstool, Blue Woven","840469053601,armchairs,axcchr-34-bu,bath vanity,bed,blue,carwyn,carwyn accent chair with footstool,coffee table,dining chair,Dining table houzz,end table,king bed,living,media stand,ottoman,plywood,pouf,product,selling dining set,sidetable,simpli home,sofa,storage bench,storage cabinet,storage ottoman,TRuk,tv stand,uph,woven polyester fabric"
https://st.hzcdn.com/simgs/1f81ff3905e7a0ed_9-0642,https://st.hzcdn.com/simgs/7491c11405e7a0f0_9-0642,"Safavieh Lotus Side Chairs, Set of 2, Taupe I",
https://st.hzcdn.com/simgs/ddd1f3460d0cc68c_9-7324,https://st.hzcdn.com/simgs/7441dc110d0cc68e_9-7324,Hercules Madison Series Retro Light Gray Leather Tufted Lounge Chair,"accent table,activity table,banquet table,barheighttable,barstool,bookrack,chair,Commercial furniture,dining chair,dining table,dining table set,end table,folding chairs,height stool,leather chair,lether sofa,lounge chair,loveseat,marker board,microfiber recliner,office chairs,ottoman set,outdoor table,padded seat,plastic chair,reception furniture,sofa,stool"
https://st.hzcdn.com/simgs/aff121b209960e13_9-2787,https://st.hzcdn.com/simgs/e6913e9d09960e15_9-6242,Scarlett Cream Velvet Chair,"accent,accent furniture,black,burgundy,chair,chaise,chrome,comfortable couch,contemporary furniture,couch,cream,emerald,fu,gray,green,living room,love seat,loveseat,meridian furniture,nailheads,navy,ottoman,sofa,tufted,Tufting,velvet"
https://st.hzcdn.com/simgs/62615e440925b6b1_9-3054,https://st.hzcdn.com/simgs/9391c2480925b6e1_9-3054,"Parsons Elegant Tufted Upholstered Dining Chair, Set of 2, Black","accent chair,baxton chair,dining chair,dsw chair,elegant chair,fabric chair,indoor chair,kitchen chair,leather chair leather seat,living room chair,modern chair,nailhead chair,parson chair,side chair,studio chair,table chair,tufted chair,velvet dining Chair,walnut chair"
https://st.hzcdn.com/simgs/0a7128070d8a4703_9-8900,https://st.hzcdn.com/simgs/edd197290d8a470c_9-8900,"Royce Accent Chair, Garnet Rose","arm chair,Bedroom,button tufted,button tufting,Chic,contemporary,den,design,d��_cor,furnishing,furniture,gold,Home,interior,living room,mid-century,modern,office,red,sleek,solid wood,Sophisticated,wood"
https://st.hzcdn.com/simgs/4b1110470c34dff8_9-5130,https://st.hzcdn.com/simgs/bce1360a0c34dffa_9-5130,"Valencia Bonded Leather Chair, Set of 2, Black",
https://st.hzcdn.com/simgs/85115cee0c6ca094_9-1975,https://st.hzcdn.com/simgs/df7151a60c6ca096_9-1975,"Wassily Saddle Leather Chair, Black","Marcel Breuer,wasily,wasily chair,wasily lounge,wassily chair"
https://st.hzcdn.com/simgs/3e31a7a50e3adcd0_9-2175,https://cf-images.us-east-1.prod.boltdns.net/v1/jit/4186268161001/9c9028b1-7e44-4522-a092-4914ce85bce0/main/300x300/15s40ms/match/image.jpg,"Gerald Mid-Century Modern Tufted Wingback Armchair, Forest Green Velvet","arm chair,armchair,Bedroom,bedroom chairs,chair,channel tufted,Chic,club chair,contemporary,glam,living room chair,lounge,metal legs,mid-century modern,modern,polished legs,square tufted,tufted,unique,upholstered,velvet,wingback,wingback armchairs"
https://st.hzcdn.com/simgs/93d1221c0e6f1fcf_9-7320,https://cf-images.us-east-1.prod.boltdns.net/v1/jit/4186268161001/8af93098-7318-4fa3-a155-6dad5f02d648/main/300x300/17s269ms/match/image.jpg,"INK+IVY Nola Dining Chairs, Set of 2","chair set,dining chair,dining chairs,dining chairs set of 2,dinning chairs,kitchen chair,kitchen chairs,kitchen chairs set of 2,kitchen furniture,mesas de comedor,sillas de comedor,sillas para comedor,wood chair,wood dining chair,wooden chair"
https://st.hzcdn.com/simgs/8c31a0090bfcf033_9-7866,https://st.hzcdn.com/simgs/3f51bce80bfcf035_9-7866,"Offex Living Room Upholstered Leather Arm Chair, Black","accent chair,arm accent chair,chair,leather chair,upholstered chair"
https://st.hzcdn.com/simgs/6541f40a09c29dfa_9-7146,https://st.hzcdn.com/simgs/a2f16cc209960f77_9-7146,"Capri Velvet Dining Chair, Set of 2, Black","beige dining room chairs,dining room chairs,dining room furniture,set of dining room chairs,stainless steel,traditional,transitional,transitional dining room chairs,velvet,velvet dining chairs"
https://st.hzcdn.com/simgs/070171370d8264c9_9-0171,https://st.hzcdn.com/simgs/298149ec0d8264ca_9-6882,Lia Mid-Century Barrel Accent Chair Evergreen,"accent,accent chair,Arm Chair Unique,Bedroom,Chic,contemporary,den,design,Elegance,Exterior,exterior design,furnishing,furniture,high arms,Home,home furnishing,interior,Interior Design,living room,living space,modern,office,pink,room decor,solid,solid wood,wood,wood legs"
https://st.hzcdn.com/simgs/e6c169e00dd70763_9-9575,https://st.hzcdn.com/simgs/3181a4ea0dd70769_9-2879,"Porsha Dining Chair, Set of 2, Navy Velvet, Gold Legs","channel tufted design on back,comfortable,contemporary,dining chair,gold,luxurious,luxurious navy velvet,meridian furniture,modern,navy,nice,porsha,porsha navy velvet dining chair,rich gold metal legs,set of 2,sturdy,velvet"
https://st.hzcdn.com/simgs/81815ac30c6ca092_9-2596,https://st.hzcdn.com/simgs/5be14bd30c6ca094_9-2596,"Tripod Plywood Modern Lounge Chair, Genuine Italian Leather, Wihte, Walnut","hangs� chair,modern plywood chair,plywood chair,shell chair,shell� chair"
https://st.hzcdn.com/simgs/5d111a0e0f7486ee_9-2604,https://cf-images.us-east-1.prod.boltdns.net/v1/jit/4186268161001/a483c272-ed40-40ac-bda5-3364a5a3307d/main/300x300/10s698ms/match/image.jpg,"Kenneth Mid Century Modern Arm Chair, Heather Gray","accent chair,armchair,birch,living room,midcentury,modern,seat,seating,seats,tapered legs,tufted,upholstered"
https://st.hzcdn.com/simgs/86617419083dedeb_9-6322,https://st.hzcdn.com/simgs/7721c809083de5d6_9-7558,"Patara Chair, Chrome Base, Silver Camira Wool",
https://st.hzcdn.com/simgs/d281b4470c367426_9-1388,https://st.hzcdn.com/simgs/0661b4ee0c367425_9-1388,Beige Engage Upholstered Fabric Armchair,"affordable,chair,chair weight capacity - 440 lbs.,cherry color rubberwood,Dining,free shipping,furniture,Home,home d�cor,Home Interior,indoor,modern furniture,Outdoor,polyester blend fabric,sofa,white plastic glides"
https://st.hzcdn.com/simgs/edc142960bfd9d21_9-7309,https://st.hzcdn.com/simgs/4dd1924e0e58d4c4_9-7309,"INK+IVY Oliver Dining Side Chairs, Set of 2","accent chairs,chairs for dining room,dining chairs,dining chairs set,dining furniture,dining room chairs,dinner chairs set,kitchen accent furniture,kitchen chair set,kitchen chairs,kitchen room chairs,kitchen stool,side chairs,upholstered dining chairs"
https://st.hzcdn.com/simgs/64d1e2330e0f6892_9-4930,https://st.hzcdn.com/simgs/9811d9920e01e648_9-4930,Modrest Frasier - Modern Grey Eco-Leather Dining Chair (Set of 2 ),"black powder coated metal,dining chair,dining chairs,eco-leather,grey,metal,set,set of 2,washed grey"
https://st.hzcdn.com/simgs/f151382b0c129584_9-4301,https://st.hzcdn.com/simgs/1b4111380c129585_9-1803,"Picket House Furnishings Regal Accent Chair, Light Blue","accent chair,light blue accent chair,picket house furnishings,regal,regal accent chair"
https://st.hzcdn.com/simgs/6001af650c82ea36_9-5784,https://st.hzcdn.com/simgs/b9a1a6950c82ea37_9-5784,"Fabric Upholstered Accent Chair,, Brown and Black",
https://st.hzcdn.com/simgs/5101ec9a0dd7074b_9-5848,https://st.hzcdn.com/simgs/7251d8370dd7074f_9-2856,"Porsha Dining Chair, Set of 2, Cream Velvet, Gold Legs","channel tufted design on back,comfortable,contemporary,cream,dining chair,gold,luxurious,luxurious cream velvet,meridian furniture,modern,nice,porsha,porsha cream velvet dining chair,rich gold metal legs,set of 2,sturdy,velvet"
https://st.hzcdn.com/simgs/789153560e674ffc_9-0502,https://st.hzcdn.com/simgs/0ea1a6530e675004_9-0502,"Narcine Accent Chair, Blue Gray","accent chair,blue gray accent chair,living room furniture,upholstered accent chair,wood frame accent chair"
https://st.hzcdn.com/simgs/6b01a8440b18022e_9-9674,https://st.hzcdn.com/simgs/6a41bdb10b180232_9-0196,Modern-Inspired Gold and Marble Accent Chair,"accent chair,accent seating,gold frame,marble,pattern"
https://st.hzcdn.com/simgs/6ad104830bc02e23_9-4128,https://st.hzcdn.com/simgs/aeb150360bc02e2d_9-4128,Barcelona Style Lounge Chair - Top Grain Premium Italian Leather - Black,
https://st.hzcdn.com/simgs/e1e1009b0c816966_9-7255,https://st.hzcdn.com/simgs/5561e8690c81695d_9-7255,Newport Lounge,"accent chair,bedroom chair,bedroom furniture,chairs for bedroom,chairs for living room,chaise lounge chair indoor,indoor lounge chair,living room chairs,living room furniture,living room set,lounge chair,lounge chair indoor,lounge chair living room,wood accent chair,Wood Frame Chair"
https://st.hzcdn.com/simgs/a6b1f4cf0e828e85_9-1240,https://st.hzcdn.com/simgs/93a1c8d50e828e87_9-1240,"Ruth Dining Chairs, Set of 2, Green","dining chairs,fabric dining chairs,furniture,side chairs,wood"
https://st.hzcdn.com/simgs/118119190d9c9449_9-4792,https://st.hzcdn.com/simgs/3ee1fffa0d9c944b_9-4792,"Amaya Luxe and Glamour Lounge Chair, Light Pink/Gold","accent chairs,chairs,fabric chairs,furniture,glam chairs,gold chairs,living room chairs,seatings,upholstered chairs"
https://st.hzcdn.com/simgs/a961427a0eccbf52_9-4885,https://st.hzcdn.com/simgs/ab91f03f0eccbf51_9-2144,Picket House Furnishings Cade Upholstered Side Chair Set in Gray,
https://st.hzcdn.com/simgs/67f128710ced4b10_9-1789,https://st.hzcdn.com/simgs/d6e119190ced4b13_9-7979,"Janet Rolled Arm Chair, Cranberry Red Herringbone","armchair,cranberry,espresso finish,Hardwood Frame,herringbone,polyester,red,removable seat cushion,rolled arms,self-welt trim,solid wood legs,squared back,tapered legs,tight back,upholstered"
https://st.hzcdn.com/simgs/00c18d6a0f055003_9-0270,https://st.hzcdn.com/simgs/b6511d680f055004_9-0270,Roll Arm Accent Chair in Multi-Color Cream/Blue Fabric,
https://st.hzcdn.com/simgs/30b148a50f931b2f_9-3800,https://st.hzcdn.com/simgs/0661dfce0f931b2f_9-3656,"GDF Studio Marcia Modern Velvet Club Chair, Emerald",
https://st.hzcdn.com/simgs/6b01ce0b0b2814e0_9-3592,https://st.hzcdn.com/simgs/d4e1490e09f24b5f_9-3592,"Blanca Upholstered Dining Chairs, Set of 4, Gray/Brown Taupe","Armless Chairs,dining chairs,gray dining chairs,grey dining chairs,set of 2 dining chairs,set of 4 dining chairs,set of Dining Chairs,Taupe dining chairs,upholstered chairs,upholstered dining chairs"
https://st.hzcdn.com/simgs/83b11f250b156cb2_9-0808,https://st.hzcdn.com/simgs/19719e460acd0b2b_9-0808,"Malibu Lounge Armchair, Natural Rattan Wicker, Handmade, Burgundy Cushions","chairs,cushion,eco,handmade,living room,lounge,lounge chair,rattan,rattan chair,wicker,wicker chair"
https://st.hzcdn.com/simgs/992134f405b01e52_9-3179,https://st.hzcdn.com/simgs/f9f138ac05b01e56_9-3179,"Colter Leather Covered Dining Chair, Mink",chrome steel cfs foamtone-on-tone tone-on-tone fully clad
https://st.hzcdn.com/simgs/a90168120f905bdb_9-2711,https://st.hzcdn.com/simgs/7ba1e1810f905be2_9-3767,"Jaymee Fabric Swivel Chair, Green and Black",
https://st.hzcdn.com/simgs/7ba1947d0f906e0d_9-4250,https://st.hzcdn.com/simgs/4d91f4a80f906e0f_9-2666,"GDF Studio Aurora Mid-Century Modern Accent Chairs, Dark Gray/Brown, Set of 2",
https://st.hzcdn.com/simgs/bba175200810ebb7_9-6865,https://st.hzcdn.com/simgs/937154380810ebba_9-3943,"Capri Wood Dining Chair, Solid Bleech Wenge Base, White Ppm",
https://st.hzcdn.com/simgs/ae0176cc0efca6ad_9-2196,https://st.hzcdn.com/simgs/dc21d4360efca6ae_9-2196,"Noah Velvet Accent Chair, Cognac, Gold Base","accent,armchair,base,chair,contemporary,fabric,metal,modern,plush,velvet"
https://st.hzcdn.com/simgs/79311a0709c4777b_9-1307,https://st.hzcdn.com/simgs/83c1045f09c4777c_9-1307,"Blanca Brushed Stainless Steel Contemporary Dining Chairs, Set of 2, White","Armen Living,blanca,brushed stainless steel,chair,dining chair,elegant,gray,grey,leather,metal,modern,plush,upholstered,upholstered back"
https://st.hzcdn.com/simgs/743142e90e3ddea5_9-4579,https://st.hzcdn.com/simgs/fd6153910e3313da_9-4579,"Perception Tufted Upholstered Fabric Armchair, White","chair,Dining,Home,home d�cor,Home Interior,indoor,Outdoor,sofa,vertical channel tufting;glam deco armchair;polyester fabric"
https://st.hzcdn.com/simgs/7de1d7de0d55c869_9-6315,https://st.hzcdn.com/simgs/a0b1239f0d55c865_9-7270,Madison Park Devrim Herringbone Texture Swivel Chair,"accent chair,armchair,bedroom chair,chairs for bedroom,comfortable chair,comfy chair,living room chair,lounge chair,madison park,reading chair,rotating chair,side chair,Sofa Chair,swivel chair,upholstered chair,wingback chair"
https://st.hzcdn.com/simgs/b9617b2009c29dc2_9-3492,https://st.hzcdn.com/simgs/a5e14b0209960a2e_9-3492,Alexis Chrome Accent Chair,"accent chair,acrylic accent chair,arm chair,beautiful,bl,black,burgundy,contemporary,deep chair,emerald,gold legs,gray,green,living room chair,living room furniture,meridian furniture,navy accent chair,stainless steel,tufted accent chair,velvet chair"
https://st.hzcdn.com/simgs/2f41cd7c0e72fd99_9-6453,https://st.hzcdn.com/simgs/d501a1fd0a836bf3_9-7267,Madison Park Kari Slant Back Wood Accent Chair,"accent chair,accent chairs,arm chair,bedroom chair,bedroom furniture,chairs for bedroom,chairs for living room,comfy chair,living room,living room chairs,living room furniture,living room set,office furniture,wood accent chair,Wood Frame Chair"
https://st.hzcdn.com/simgs/b35171640ebdba8d_9-7309,https://st.hzcdn.com/simgs/3441561c0ebdba8c_9-7309,Madison Park Elmwood Dining Chair Set of 2,dining chair
https://st.hzcdn.com/simgs/86316f3009960c27_9-3442,https://st.hzcdn.com/simgs/22414f1709960c28_9-3442,"Opera Velvet Accent Chair, Navy","accent chair,armchair,contemporary,furniture,gold legs,living room,modern,nailhead,navy,tufted,velvet"
https://st.hzcdn.com/simgs/6f01f55a0e85678d_9-5684,https://st.hzcdn.com/simgs/70e186010e856792_9-5302,"Annie Tufted Velvet Dining Chairs, Set of 2","box tufting,contemporary,contemporary design,dining chair,elegant,furniture,matt black legs,modern,soft grey velvet,upholstered,velvet"
https://st.hzcdn.com/simgs/b2d198a70dd70768_9-5848,https://st.hzcdn.com/simgs/679174300dd7076b_9-2887,"Xavier Velvet Dining Chair, Navy, Chrome Legs","black,chrome,chrome steel legs,comfortable,contemporary,contemporary design,dining chair,luxurious,meridian furniture,modern,nice,rich black velvet,sturdy,velvet,xavier,xavier black velvet dining chair"
https://st.hzcdn.com/simgs/0c41ce3e0eb4e5ce_9-0032,https://st.hzcdn.com/simgs/7d013eec0eb4e5cf_9-0032,Modway Prospect Channel Tufted Velvet Armchair in Gray (Set of 2),"affordable,chair,decor,Dining,dining set,free shipping,furniture,Home,home and decor,home d�cor,home furniture,Home Interior,indoor,Kitchen set,living room set,modern furniture,Outdoor,sofa,sofas armchairs"
https://st.hzcdn.com/simgs/3ef1f4c20ee14115_9-8208,https://st.hzcdn.com/simgs/31e131210ee14119_9-8208,"Geometric Gold Metal Dining Chair, 20""x36""","contemporary dining chair,contemporary modern d�cor,dining chairs,dining room chairs,home decor ideas,Interior Design,interior design ideas,kitchen chairs,metal chair,metal dining chair,metal kitchen chair,modern dining chairs"
https://st.hzcdn.com/simgs/1a91b6b10e9d6a05_9-1413/home-design.jpg,,"Upholstered Vinyl Accent Chair, Blue","affordable,antique faux leather,assembly required,blue chair,blue lounge chair,chair,chic modern armchair,dense foam padding,Dining,free shipping,furniture,furniture xo lounge chair,Home,home accent,home decor,lounge chair,mdweei-2327-blu,midcentury modern lounge chair,modern arm chair,modway,non-marking wood legs,plywood chair,sofa weight limit: 330 lbs.,sofas and armchairs,vinyl lounge chair"
https://st.hzcdn.com/simgs/85513c060fa09883_9-9344,https://st.hzcdn.com/simgs/b891abf80e0501c3_9-9344,"Set of 2 Real Oak Wood PU Leather Cushion Seat Modern Wood Side Dining Chair, Bl","armless,Bedroom,contemporary,Dining,elbow chair,Hans,hardwood,Kennedy,kitchen,leather,living room,modern,padded seat,Presidential,side chair,Wagner,wood"
https://st.hzcdn.com/simgs/b4a13c0b0c819274_9-7391,https://st.hzcdn.com/simgs/5781b4ec0c81926c_9-7391,Collin Arm Chair,"accent chair,arm chair,arm chairs,arm chairs for living room,bedroom chair,bedroom furniture,chairs for bedroom,chairs for living room,Chairs with Arms,comfy chair,living room chairs,living room furniture,living room set,wood accent chair,Wood Frame Chair"
https://st.hzcdn.com/simgs/544114bb0c77f5c4_9-6611,https://st.hzcdn.com/simgs/c5915c3d0c7819ae_9-5129,"Chelsea Mid Century Modern DSW Side Chairs, Set of 2, White","accent chair,chelsea,dowel leg chair,dsw chair,Eames DSW,eames plastic chair,Laura Davidson,shell chair,side chair,small dining chair,wooden leg chair"
https://st.hzcdn.com/simgs/3391692d0f931bf8_9-3649,https://st.hzcdn.com/simgs/9f4115e70f931bf9_9-3694,"Betty Traditional Fabric Club Chair, Beige",
https://st.hzcdn.com/simgs/50d1514c0dcb1f26_9-5884,https://st.hzcdn.com/simgs/8101ea410dcb1f27_9-5884,Magnolia Navy Chair With Silver Base,"affordable,free shipping,furniture,home d�cor,Home Interior,modern furniture"
https://st.hzcdn.com/simgs/61d1e4940f9316b8_9-7437,https://st.hzcdn.com/simgs/21019c0a0f9316b9_9-3590,"GDF Studio Lexia Classic Slate Microfiber Dining Chair, Set of 2",
https://st.hzcdn.com/simgs/a891c88705ce49b7_9-0950/home-design.jpg,,"Jacob Chairs, Set of 2, Cherry",
https://st.hzcdn.com/simgs/a16155360eff58e0_9-4918,https://st.hzcdn.com/simgs/bed1200b0eff58e4_9-4918,"Danica Lounge Chair, Red","55"",bamboo,bench,contemporary,dining bench,dining furniture,dining sets,eco-friendly,ecological,elegant,Entertaining,environmentally friendly,furniture,green furniture,handcrafted,hardwood,kitchen furniture,mid-century,midcentury,modern,natural grain,renewable,seating,solid bamboo,solid wood,sustainable"
https://st.hzcdn.com/simgs/8a7142f10e856be5_9-5670,https://st.hzcdn.com/simgs/cf2106f90e856beb_9-5311,"Annie Tufted Velvet Dining Chairs, Set of 2","box tufting,contemporary,contemporary design,dining chair,elegant,furniture,modern,rich chrome legs,soft grey velvet,upholstered,velvet"
https://st.hzcdn.com/simgs/4451a29c080a7f73_9-7543,https://st.hzcdn.com/simgs/171164d9080a7f74_9-7543,"Colter Leather Dining Arm Chair with Steel Legs, Black","Black Colter Dining Arm Chair,Colter Arm Chair,Colter Armchairs,Colter Leather Dining Arm Chair with Steel Legs,Dark Grey Colter Dining Arm Chair,Mink Colter Dining Arm Chair,modern leather dining chair,Nuevo Colter Arm Chair,Nuevo Colter Leather Dining Arm Chair with Steel Legs,Nuevo Living Colter Arm Chair"
https://st.hzcdn.com/simgs/e78109da0c4f33bb_9-8914,https://st.hzcdn.com/simgs/8d41057c0c4f33c2_9-8914,"LumiSource Daniella Dining Chair, Black Metal and Gray, Set of 2","accent chair,backrest,black,black metal,black metal legs,blue,blue fabric,blue upholstery,bucket seat,chair,contemporary,cushioned,dining chair,extra seating,fabric upholstery,metal legs,modern,two chairs"
https://st.hzcdn.com/simgs/49b100ac0f9077fe_9-2117,https://st.hzcdn.com/simgs/0881a4a20f907800_9-3576,"GDF Studio Sheldon Traditional Design High Back Fabric Dining Chair, Dark Blue",
https://st.hzcdn.com/simgs/33d11e8b0b292c0d_9-3546,https://st.hzcdn.com/simgs/a021418d09f24b76_9-3546,"Blanca Upholstered Dining Chairs, Set of 4, Caribbean Blue","aqua dining chairs,Armless Chairs,blue dining chairs,dining chairs,set of 2 dining chairs,set of 4 dining chairs,set of Dining Chairs,teal dining chairs,upholstered chairs,upholstered dining chairs"
https://st.hzcdn.com/simgs/c69141160cd33bad_9-1585,https://st.hzcdn.com/simgs/6f314b800cd33bb0_9-1585,"Renee Contemporary Chair, Espresso Metal Legs with Yellow Fabric by LumiSource","ch-renee ey,espresso metal chair,home accent,home decor,Lumisource,painted steel chair,polyester fabric chair,Renee Chair,yellow fabric chair"
https://st.hzcdn.com/simgs/5be1459f0d096220_9-5801,https://st.hzcdn.com/simgs/8a61a83c0d096226_9-6448,"SET of 4: Clear Eiffel Style Chair, Gold Legs","acrylic dining chair,clear acrylic dining chair,clear dining chair,dining chairs,dsw dining chair,eames chair,eames dining chair,eames replica dining chair,effiel chair,gold base dining chair,metal chair legs,plastic dining chair"
https://st.hzcdn.com/simgs/ffb1fa170e3dded1_9-4584,https://st.hzcdn.com/simgs/5921f7290e331305_9-4584,"Booth Performance Velvet Swivel Armchair, White","chair,Dining,Home,home d�cor,Home Interior,indoor,Outdoor,sofa"
https://st.hzcdn.com/simgs/3cf125900c890858_9-1321,https://st.hzcdn.com/simgs/61015f220da10050_9-1321,"Madeline Velvet Dining Chair, Burgundy","dining chair,dining chairs,dining room,fashion,glam,midcentury,velvet chair,velvet dining Chair"
https://st.hzcdn.com/simgs/20d1aa350c92a142_9-5340,https://st.hzcdn.com/simgs/9b6182ad0c92a147_9-5340,"Safavieh Clara Quilted Swivel Tub Chair, Emerald/Gold","accent chairs,contemporary,modern"
https://st.hzcdn.com/simgs/f691c1a0079a2422_9-7713,https://st.hzcdn.com/simgs/fbf1ebce079a2427_9-7713,"Montalto Pin-Tuck Lift Chair, Saville Brown","brown,saville"
https://st.hzcdn.com/simgs/5c31a6d00af46986_9-7391,https://st.hzcdn.com/simgs/a40192da0af468a9_9-7391,"Schoolhouse Wood Arm Chair, Black","arm chair,bar set,barstool,chair,counter stool,fully assembled,solid wood,stool,wood"
https://st.hzcdn.com/simgs/1641351d0f99fc20_9-8349,https://st.hzcdn.com/simgs/13c106380f99fc23_9-8349,"Omax Decor Jane Lounge Accent Chair, Gold","arm chair,armchairs,blue,comfortable chair,commercial,curry,gold,living room chair,lobby,lounge chair,mustard,oak,office chair,plush,residential,upholstered chair,velvet,waiting,walnut,wood"
https://st.hzcdn.com/simgs/6e61dfaf0bac0257_9-8243,https://st.hzcdn.com/simgs/9f61a2f20bac025a_9-9561,"Oxford Velvet Dining Chair, Set of 2, Pink",14021
https://st.hzcdn.com/simgs/2f017e750f283d65_9-3642,https://st.hzcdn.com/simgs/5051853d0f283d69_9-3642,"Rosco Velvet Accent Chair, Charcoal","charcoal chair,FOAM CHAIR,home accent,home decor,plywood frame chair,rc850acc,solid wood chair,Steve Silver,velvet fabric chair"
https://st.hzcdn.com/simgs/fa11f12a0ae8ffb7_9-9596,https://st.hzcdn.com/simgs/bc613d340c917f7e_9-6769,"Gianna Velvet Dining Chair, Gray, Gold Base","accent chair,beige,Best,black,chair,contemporary,contemporary chair,cream,grey,meridian,meridian furniture,modern,nailhead chair,navy,pink,sky blue,transitional,tufted chair,velvet,velvet chair"
https://st.hzcdn.com/simgs/11d1261f0a4bd92f_9-7126,https://st.hzcdn.com/simgs/ede1671e0a2856ed_9-7126,"Lemele Velvet Dining Chairs, Set Of 2, Brown Sugar","dining chairs,dining chairs with velvet upholstery,elegant dining chairs,upholstered dining chairs,velvet dining chairs"
https://st.hzcdn.com/simgs/504198490e910009_9-1656,https://st.hzcdn.com/simgs/42d13a110e910040_9-1656,"Amy Swivel Accent Chair, Coastal Tan","accent chairs,comfortable,comfy chair,furniture,living room chair,living room furniture,quality,seating,small chair,stylish,swivel chair,swivel glide,swivel glider recliner,swivels,turning chair,upholstered,upholstery"
https://st.hzcdn.com/simgs/f3d113a30f90732e_9-2375/home-design.jpg,,"GDF Studio Percival T-stitched Chocolate Brown Leather Dining Chairs, Set of 4",
https://st.hzcdn.com/simgs/fe2159ae0ba2f528_9-3035,https://st.hzcdn.com/simgs/4bc12e8d0ba2f52d_9-6254,"Omax Decor Zola Lounge Chair, Brown/Walnut","accent chair,beige,blue,brown chair,comfortable chair,Danish,decor,fabric chair,gold,gray,green,grey,leather chair,living room chair,lounge chair,mid century chair,mint,mocha,modern,oak,orange,purple,Scandinavian,upholstered chair,velvet,velvet chair,walnut,wood chair,Z chair"
https://st.hzcdn.com/simgs/22017fff0ef2282c_9-6337,https://st.hzcdn.com/simgs/659199710ef2282f_9-7180,"Aniline Leather Lounge Chair and Ottoman, Black, Base Palisander","eames chair,eames inspired lounge chair,Eames Lounge Chair,eames lounge chair replica,eames lounge chair reproduction,Eames Replica,Eames Style Lounge Chair,herman miller eames lounge chair"
https://st.hzcdn.com/simgs/038161420ae90040_9-2538,https://st.hzcdn.com/simgs/eed169200ae90044_9-2076,"Heidi Velvet Dining Chairs, Set of 2, Pink","accent chair,beige,Best,black,chair,contemporary,contemporary chair,cream,grey,meridian,meridian furniture,modern,nailhead chair,navy,pink,sky blue,transitional,tufted chair,velvet,velvet chair"
https://st.hzcdn.com/simgs/1c610f4f0dd70537_9-5851,https://st.hzcdn.com/simgs/d5c117280dd7053b_9-2877,"Xavier Velvet Dining Chair, Gray, Gold Legs","black,chrome,chrome steel legs,comfortable,contemporary,contemporary design,dining chair,luxurious,meridian furniture,modern,nice,rich black velvet,sturdy,velvet,xavier,xavier black velvet dining chair"
https://st.hzcdn.com/simgs/c201100b0ae8ffea_9-2176,https://st.hzcdn.com/simgs/df91051c0ae8ffec_9-2176,"Karina Velvet Dining Chairs, Set of 2, Gray, Gold Base","accent chair,beige,Best,black,chair,contemporary,contemporary chair,cream,grey,meridian,meridian furniture,modern,nailhead chair,navy,pink,sky blue,transitional,tufted chair,velvet,velvet chair"
https://st.hzcdn.com/simgs/c1c1adee0f9082cf_9-1739,https://st.hzcdn.com/simgs/ffb1f4a90f9082d2_9-3629,"GDF Studio Evelyn Mid Century Modern Fabric Arm Chair, Beige/Walnut",
https://st.hzcdn.com/simgs/20518daf0bac0ce1_9-8224,https://st.hzcdn.com/simgs/2eb1d4660bac0ce3_9-2661,"Akoya Velvet Dining Chair, Set of 2, Navy",14021
https://st.hzcdn.com/simgs/bd7125350c34df55_9-7320,https://st.hzcdn.com/simgs/6dd1186e0c34df57_9-7320,"Peyton Accent Chair, Vintage Midnight","accent,chair,channel stitch,Eclectic,industrial,iron,living room,modern"
image1,image2,name,summery
https://st.hzcdn.com/simgs/6991c57d0f9cec5e_9-2946,https://st.hzcdn.com/simgs/80d19bc00f9cec5f_9-2946,Pemberly Row Wood Dining Swivel Counter Stools in Distressed Gray (Set of 2),
https://st.hzcdn.com/simgs/c69141160cd33bad_9-1585,https://st.hzcdn.com/simgs/6f314b800cd33bb0_9-1585,"Renee Contemporary Chair, Espresso Metal Legs with Yellow Fabric by LumiSource",
https://st.hzcdn.com/simgs/4451a29c080a7f73_9-7543,https://st.hzcdn.com/simgs/171164d9080a7f74_9-7543,"Colter Leather Dining Arm Chair with Steel Legs, Black",
https://st.hzcdn.com/simgs/eca1acfa0bc5effa_9-3671,https://st.hzcdn.com/simgs/1f2190fe0bc5effb_9-3671,"Uttermost 23244 Gamlin - 41"" Counter Stool",
https://st.hzcdn.com/simgs/90c122ff058aa89e_9-1960/home-design.jpg,,Baxton Studio Marquis Tan Microfiber Club Chair,
https://st.hzcdn.com/simgs/16a17ef50f9068fe_9-2086,https://st.hzcdn.com/simgs/5201ffb10f9068ff_9-3657,"GDF Studio Oliver Farmhouse Armchair, Green Checkerboard/Dark Brown",
https://st.hzcdn.com/simgs/559115010c378f87_9-9378,https://st.hzcdn.com/simgs/10311f450c378f89_9-6966,"Paloma Cognac Velvet Accent Chair, Cognac",
https://st.hzcdn.com/simgs/adc12773025c7ac3_9-1213/home-design.jpg,,"Boheme Leather Chair, Optic White, Set of 2",
https://st.hzcdn.com/simgs/46b13b4a07169133_9-3031,https://st.hzcdn.com/simgs/389106e507169138_9-3031,Glacier Country Collection Side Chair With Ergonomic Wooden Seat,
https://st.hzcdn.com/simgs/3a2144320d0d2e19_9-8773,https://st.hzcdn.com/simgs/006140ec0d0d2e1a_9-6128,"West Palm Living Room Accent Chair in Rustic Oak, Beige",
https://st.hzcdn.com/simgs/f1112e190ec8f23a_9-7980/home-design.jpg,,"Swivel Performance Velvet Armchair, White",
https://st.hzcdn.com/simgs/bd7125350c34df55_9-7320,https://st.hzcdn.com/simgs/6dd1186e0c34df57_9-7320,"Peyton Accent Chair, Vintage Midnight",
https://st.hzcdn.com/simgs/4041c32c0b1051d4_9-9686,https://st.hzcdn.com/simgs/2d61e5af0b1051d7_9-0076,"Modern Dining Chairs Wood Armchairs, Set of 2, Natural",
https://st.hzcdn.com/simgs/188158de05b01de2_9-0281,https://st.hzcdn.com/simgs/4351474205b01de6_9-0281,"Sienna Leather Dining Chair, Matte Ochre",
https://st.hzcdn.com/simgs/e1f1ccd70f931da2_9-3542,https://st.hzcdn.com/simgs/a4010a920f931da3_9-3709,"Victoria Modern Dining Chair With Beech Wood Legs, Set of 2",
https://st.hzcdn.com/simgs/bbd1bc8b0ae90006_9-2171,https://st.hzcdn.com/simgs/bf9182580ae90009_9-2171,"Karina Velvet Dining Chairs, Set of 2, Pink, Gold Base",
https://st.hzcdn.com/simgs/38f195490ae8fffe_9-9568,https://st.hzcdn.com/simgs/b6b1b8190ae90000_9-7498,"Giselle Velvet Dining Chairs, Set of 2, Pink, Gold Base",
https://st.hzcdn.com/simgs/98c16ab80ae8ffb7_9-1610,https://st.hzcdn.com/simgs/8b7179170ae8ffb9_9-2166,"Heidi Velvet Dining Chairs, Set of 2, Black",
https://st.hzcdn.com/simgs/b3a1b3160f27b2df_9-0488,https://st.hzcdn.com/simgs/25b18d4e0f27b2e9_9-0488,"High Wingback Linen Armchair, Purple",
https://st.hzcdn.com/simgs/20d1aa350c92a142_9-5340,https://st.hzcdn.com/simgs/9b6182ad0c92a147_9-5340,"Safavieh Clara Quilted Swivel Tub Chair, Emerald/Gold",
https://st.hzcdn.com/simgs/ffb1fa170e3dded1_9-4584,https://st.hzcdn.com/simgs/5921f7290e331305_9-4584,"Booth Performance Velvet Swivel Armchair, White",
https://st.hzcdn.com/simgs/1641351d0f99fc20_9-8349,https://st.hzcdn.com/simgs/13c106380f99fc23_9-8349,"Omax Decor Jane Lounge Accent Chair, Gold",
https://st.hzcdn.com/simgs/f691c1a0079a2422_9-7713,https://st.hzcdn.com/simgs/fbf1ebce079a2427_9-7713,"Montalto Pin-Tuck Lift Chair, Saville Brown",
https://st.hzcdn.com/simgs/2f017e750f283d65_9-3642,https://st.hzcdn.com/simgs/5051853d0f283d69_9-3642,"Rosco Velvet Accent Chair, Charcoal",
https://st.hzcdn.com/simgs/fa11f12a0ae8ffb7_9-9596,https://st.hzcdn.com/simgs/bc613d340c917f7e_9-6769,"Gianna Velvet Dining Chair, Gray, Gold Base",
https://st.hzcdn.com/simgs/11d1261f0a4bd92f_9-7126,https://st.hzcdn.com/simgs/ede1671e0a2856ed_9-7126,"Lemele Velvet Dining Chairs, Set Of 2, Brown Sugar",
https://st.hzcdn.com/simgs/fe2159ae0ba2f528_9-3035,https://st.hzcdn.com/simgs/4bc12e8d0ba2f52d_9-6254,"Omax Decor Zola Lounge Chair, Brown/Walnut",
https://st.hzcdn.com/simgs/504198490e910009_9-1656,https://st.hzcdn.com/simgs/42d13a110e910040_9-1656,"Amy Swivel Accent Chair, Coastal Tan",
https://st.hzcdn.com/simgs/46e12cae0db1c272_9-7309,https://st.hzcdn.com/simgs/af81daab0db1c274_9-7403,"Nikki Velvet Dining Chairs, Set of 2, Navy",
https://st.hzcdn.com/simgs/22017fff0ef2282c_9-6337,https://st.hzcdn.com/simgs/659199710ef2282f_9-7180,"Aniline Leather Lounge Chair and Ottoman, Black, Base Palisander",
https://st.hzcdn.com/simgs/1c610f4f0dd70537_9-5851,https://st.hzcdn.com/simgs/d5c117280dd7053b_9-2877,"Xavier Velvet Dining Chair, Gray, Gold Legs",
https://st.hzcdn.com/simgs/42a113120f906eb9_9-1813,https://st.hzcdn.com/simgs/1fb1813e0f906eba_9-3649,"GDF Studio Evelyn Mid Century Modern Fabric Arm Chair, Dark Gray/Walnut",
https://st.hzcdn.com/simgs/c1c1adee0f9082cf_9-1739,https://st.hzcdn.com/simgs/ffb1f4a90f9082d2_9-3629,"GDF Studio Evelyn Mid Century Modern Fabric Arm Chair, Beige/Walnut",
https://st.hzcdn.com/simgs/20518daf0bac0ce1_9-8224,https://st.hzcdn.com/simgs/2eb1d4660bac0ce3_9-2661,"Akoya Velvet Dining Chair, Set of 2, Navy",
https://st.hzcdn.com/simgs/c201100b0ae8ffea_9-2176,https://st.hzcdn.com/simgs/df91051c0ae8ffec_9-2176,"Karina Velvet Dining Chairs, Set of 2, Gray, Gold Base",
https://st.hzcdn.com/simgs/9c5108170b48767c_9-1482,https://st.hzcdn.com/simgs/52b102b70b48767e_9-1482,Divani Casa Joseph Modern Orange Fabric Accent Chair,
image1,image2,name,summery
https://st.hzcdn.com/simgs/6991c57d0f9cec5e_9-2946,https://st.hzcdn.com/simgs/80d19bc00f9cec5f_9-2946,Pemberly Row Wood Dining Swivel Counter Stools in Distressed Gray (Set of 2),
https://st.hzcdn.com/simgs/4451a29c080a7f73_9-7543,https://st.hzcdn.com/simgs/171164d9080a7f74_9-7543,"Colter Leather Dining Arm Chair with Steel Legs, Black",
https://st.hzcdn.com/simgs/eca1acfa0bc5effa_9-3671,https://st.hzcdn.com/simgs/1f2190fe0bc5effb_9-3671,"Uttermost 23244 Gamlin - 41"" Counter Stool",
https://st.hzcdn.com/simgs/559115010c378f87_9-9378,https://st.hzcdn.com/simgs/10311f450c378f89_9-6966,"Paloma Cognac Velvet Accent Chair, Cognac",
https://st.hzcdn.com/simgs/c69141160cd33bad_9-1585,https://st.hzcdn.com/simgs/6f314b800cd33bb0_9-1585,"Renee Contemporary Chair, Espresso Metal Legs with Yellow Fabric by LumiSource",
https://st.hzcdn.com/simgs/90c122ff058aa89e_9-1960/home-design.jpg,,Baxton Studio Marquis Tan Microfiber Club Chair,
https://st.hzcdn.com/simgs/16a17ef50f9068fe_9-2086,https://st.hzcdn.com/simgs/5201ffb10f9068ff_9-3657,"GDF Studio Oliver Farmhouse Armchair, Green Checkerboard/Dark Brown",
https://st.hzcdn.com/simgs/adc12773025c7ac3_9-1213/home-design.jpg,,"Boheme Leather Chair, Optic White, Set of 2",
https://st.hzcdn.com/simgs/46b13b4a07169133_9-3031,https://st.hzcdn.com/simgs/389106e507169138_9-3031,Glacier Country Collection Side Chair With Ergonomic Wooden Seat,
https://st.hzcdn.com/simgs/f1112e190ec8f23a_9-7980/home-design.jpg,,"Swivel Performance Velvet Armchair, White",
https://st.hzcdn.com/simgs/3a2144320d0d2e19_9-8773,https://st.hzcdn.com/simgs/006140ec0d0d2e1a_9-6128,"West Palm Living Room Accent Chair in Rustic Oak, Beige",
https://st.hzcdn.com/simgs/4041c32c0b1051d4_9-9686,https://st.hzcdn.com/simgs/2d61e5af0b1051d7_9-0076,"Modern Dining Chairs Wood Armchairs, Set of 2, Natural",
https://st.hzcdn.com/simgs/e1f1ccd70f931da2_9-3542,https://st.hzcdn.com/simgs/a4010a920f931da3_9-3709,"Victoria Modern Dining Chair With Beech Wood Legs, Set of 2",
https://st.hzcdn.com/simgs/bd7125350c34df55_9-7320,https://st.hzcdn.com/simgs/6dd1186e0c34df57_9-7320,"Peyton Accent Chair, Vintage Midnight",
https://st.hzcdn.com/simgs/bbd1bc8b0ae90006_9-2171,https://st.hzcdn.com/simgs/bf9182580ae90009_9-2171,"Karina Velvet Dining Chairs, Set of 2, Pink, Gold Base",
https://st.hzcdn.com/simgs/38f195490ae8fffe_9-9568,https://st.hzcdn.com/simgs/b6b1b8190ae90000_9-7498,"Giselle Velvet Dining Chairs, Set of 2, Pink, Gold Base",
https://st.hzcdn.com/simgs/98c16ab80ae8ffb7_9-1610,https://st.hzcdn.com/simgs/8b7179170ae8ffb9_9-2166,"Heidi Velvet Dining Chairs, Set of 2, Black",
https://st.hzcdn.com/simgs/b3a1b3160f27b2df_9-0488,https://st.hzcdn.com/simgs/25b18d4e0f27b2e9_9-0488,"High Wingback Linen Armchair, Purple",
https://st.hzcdn.com/simgs/188158de05b01de2_9-0281,https://st.hzcdn.com/simgs/4351474205b01de6_9-0281,"Sienna Leather Dining Chair, Matte Ochre",
https://st.hzcdn.com/simgs/20d1aa350c92a142_9-5340,https://st.hzcdn.com/simgs/9b6182ad0c92a147_9-5340,"Safavieh Clara Quilted Swivel Tub Chair, Emerald/Gold",
https://st.hzcdn.com/simgs/ffb1fa170e3dded1_9-4584,https://st.hzcdn.com/simgs/5921f7290e331305_9-4584,"Booth Performance Velvet Swivel Armchair, White",
https://st.hzcdn.com/simgs/1641351d0f99fc20_9-8349,https://st.hzcdn.com/simgs/13c106380f99fc23_9-8349,"Omax Decor Jane Lounge Accent Chair, Gold",
https://st.hzcdn.com/simgs/f691c1a0079a2422_9-7713,https://st.hzcdn.com/simgs/fbf1ebce079a2427_9-7713,"Montalto Pin-Tuck Lift Chair, Saville Brown",
https://st.hzcdn.com/simgs/504198490e910009_9-1656,https://st.hzcdn.com/simgs/42d13a110e910040_9-1656,"Amy Swivel Accent Chair, Coastal Tan",
https://st.hzcdn.com/simgs/11d1261f0a4bd92f_9-7126,https://st.hzcdn.com/simgs/ede1671e0a2856ed_9-7126,"Lemele Velvet Dining Chairs, Set Of 2, Brown Sugar",
https://st.hzcdn.com/simgs/2f017e750f283d65_9-3642,https://st.hzcdn.com/simgs/5051853d0f283d69_9-3642,"Rosco Velvet Accent Chair, Charcoal",
https://st.hzcdn.com/simgs/46e12cae0db1c272_9-7309,https://st.hzcdn.com/simgs/af81daab0db1c274_9-7403,"Nikki Velvet Dining Chairs, Set of 2, Navy",
https://st.hzcdn.com/simgs/fe2159ae0ba2f528_9-3035,https://st.hzcdn.com/simgs/4bc12e8d0ba2f52d_9-6254,"Omax Decor Zola Lounge Chair, Brown/Walnut",
https://st.hzcdn.com/simgs/9c5108170b48767c_9-1482,https://st.hzcdn.com/simgs/52b102b70b48767e_9-1482,Divani Casa Joseph Modern Orange Fabric Accent Chair,
https://st.hzcdn.com/simgs/fa11f12a0ae8ffb7_9-9596,https://st.hzcdn.com/simgs/bc613d340c917f7e_9-6769,"Gianna Velvet Dining Chair, Gray, Gold Base",
https://st.hzcdn.com/simgs/42a113120f906eb9_9-1813,https://st.hzcdn.com/simgs/1fb1813e0f906eba_9-3649,"GDF Studio Evelyn Mid Century Modern Fabric Arm Chair, Dark Gray/Walnut",
https://st.hzcdn.com/simgs/c201100b0ae8ffea_9-2176,https://st.hzcdn.com/simgs/df91051c0ae8ffec_9-2176,"Karina Velvet Dining Chairs, Set of 2, Gray, Gold Base",
https://st.hzcdn.com/simgs/22017fff0ef2282c_9-6337,https://st.hzcdn.com/simgs/659199710ef2282f_9-7180,"Aniline Leather Lounge Chair and Ottoman, Black, Base Palisander",
https://st.hzcdn.com/simgs/c1c1adee0f9082cf_9-1739,https://st.hzcdn.com/simgs/ffb1f4a90f9082d2_9-3629,"GDF Studio Evelyn Mid Century Modern Fabric Arm Chair, Beige/Walnut",
https://st.hzcdn.com/simgs/1c610f4f0dd70537_9-5851,https://st.hzcdn.com/simgs/d5c117280dd7053b_9-2877,"Xavier Velvet Dining Chair, Gray, Gold Legs",
https://st.hzcdn.com/simgs/20518daf0bac0ce1_9-8224,https://st.hzcdn.com/simgs/2eb1d4660bac0ce3_9-2661,"Akoya Velvet Dining Chair, Set of 2, Navy",
image1,image2,name,summery
https://st.hzcdn.com/simgs/6991c57d0f9cec5e_9-2946,https://st.hzcdn.com/simgs/80d19bc00f9cec5f_9-2946,Pemberly Row Wood Dining Swivel Counter Stools in Distressed Gray (Set of 2),
https://st.hzcdn.com/simgs/559115010c378f87_9-9378,https://st.hzcdn.com/simgs/10311f450c378f89_9-6966,"Paloma Cognac Velvet Accent Chair, Cognac",
https://st.hzcdn.com/simgs/c69141160cd33bad_9-1585,https://st.hzcdn.com/simgs/6f314b800cd33bb0_9-1585,"Renee Contemporary Chair, Espresso Metal Legs with Yellow Fabric by LumiSource",
https://st.hzcdn.com/simgs/90c122ff058aa89e_9-1960/home-design.jpg,,Baxton Studio Marquis Tan Microfiber Club Chair,
https://st.hzcdn.com/simgs/eca1acfa0bc5effa_9-3671,https://st.hzcdn.com/simgs/1f2190fe0bc5effb_9-3671,"Uttermost 23244 Gamlin - 41"" Counter Stool",
https://st.hzcdn.com/simgs/4451a29c080a7f73_9-7543,https://st.hzcdn.com/simgs/171164d9080a7f74_9-7543,"Colter Leather Dining Arm Chair with Steel Legs, Black",
https://st.hzcdn.com/simgs/46b13b4a07169133_9-3031,https://st.hzcdn.com/simgs/389106e507169138_9-3031,Glacier Country Collection Side Chair With Ergonomic Wooden Seat,
https://st.hzcdn.com/simgs/16a17ef50f9068fe_9-2086,https://st.hzcdn.com/simgs/5201ffb10f9068ff_9-3657,"GDF Studio Oliver Farmhouse Armchair, Green Checkerboard/Dark Brown",
https://st.hzcdn.com/simgs/3a2144320d0d2e19_9-8773,https://st.hzcdn.com/simgs/006140ec0d0d2e1a_9-6128,"West Palm Living Room Accent Chair in Rustic Oak, Beige",
https://st.hzcdn.com/simgs/bbd1bc8b0ae90006_9-2171,https://st.hzcdn.com/simgs/bf9182580ae90009_9-2171,"Karina Velvet Dining Chairs, Set of 2, Pink, Gold Base",
https://st.hzcdn.com/simgs/adc12773025c7ac3_9-1213/home-design.jpg,,"Boheme Leather Chair, Optic White, Set of 2",
https://st.hzcdn.com/simgs/e1f1ccd70f931da2_9-3542,https://st.hzcdn.com/simgs/a4010a920f931da3_9-3709,"Victoria Modern Dining Chair With Beech Wood Legs, Set of 2",
https://st.hzcdn.com/simgs/4041c32c0b1051d4_9-9686,https://st.hzcdn.com/simgs/2d61e5af0b1051d7_9-0076,"Modern Dining Chairs Wood Armchairs, Set of 2, Natural",
https://st.hzcdn.com/simgs/188158de05b01de2_9-0281,https://st.hzcdn.com/simgs/4351474205b01de6_9-0281,"Sienna Leather Dining Chair, Matte Ochre",
https://st.hzcdn.com/simgs/bd7125350c34df55_9-7320,https://st.hzcdn.com/simgs/6dd1186e0c34df57_9-7320,"Peyton Accent Chair, Vintage Midnight",
https://st.hzcdn.com/simgs/38f195490ae8fffe_9-9568,https://st.hzcdn.com/simgs/b6b1b8190ae90000_9-7498,"Giselle Velvet Dining Chairs, Set of 2, Pink, Gold Base",
https://st.hzcdn.com/simgs/98c16ab80ae8ffb7_9-1610,https://st.hzcdn.com/simgs/8b7179170ae8ffb9_9-2166,"Heidi Velvet Dining Chairs, Set of 2, Black",
https://st.hzcdn.com/simgs/20d1aa350c92a142_9-5340,https://st.hzcdn.com/simgs/9b6182ad0c92a147_9-5340,"Safavieh Clara Quilted Swivel Tub Chair, Emerald/Gold",
https://st.hzcdn.com/simgs/46e12cae0db1c272_9-7309,https://st.hzcdn.com/simgs/af81daab0db1c274_9-7403,"Nikki Velvet Dining Chairs, Set of 2, Navy",
https://st.hzcdn.com/simgs/ffb1fa170e3dded1_9-4584,https://st.hzcdn.com/simgs/5921f7290e331305_9-4584,"Booth Performance Velvet Swivel Armchair, White",
https://st.hzcdn.com/simgs/f691c1a0079a2422_9-7713,https://st.hzcdn.com/simgs/fbf1ebce079a2427_9-7713,"Montalto Pin-Tuck Lift Chair, Saville Brown",
https://st.hzcdn.com/simgs/1641351d0f99fc20_9-8349,https://st.hzcdn.com/simgs/13c106380f99fc23_9-8349,"Omax Decor Jane Lounge Accent Chair, Gold",
https://st.hzcdn.com/simgs/b3a1b3160f27b2df_9-0488,https://st.hzcdn.com/simgs/25b18d4e0f27b2e9_9-0488,"High Wingback Linen Armchair, Purple",
https://st.hzcdn.com/simgs/2f017e750f283d65_9-3642,https://st.hzcdn.com/simgs/5051853d0f283d69_9-3642,"Rosco Velvet Accent Chair, Charcoal",
https://st.hzcdn.com/simgs/fa11f12a0ae8ffb7_9-9596,https://st.hzcdn.com/simgs/bc613d340c917f7e_9-6769,"Gianna Velvet Dining Chair, Gray, Gold Base",
https://st.hzcdn.com/simgs/9c5108170b48767c_9-1482,https://st.hzcdn.com/simgs/52b102b70b48767e_9-1482,Divani Casa Joseph Modern Orange Fabric Accent Chair,
image1,image2,name,summery
https://st.hzcdn.com/simgs/6991c57d0f9cec5e_9-2946,https://st.hzcdn.com/simgs/80d19bc00f9cec5f_9-2946,Pemberly Row Wood Dining Swivel Counter Stools in Distressed Gray (Set of 2),
https://st.hzcdn.com/simgs/eca1acfa0bc5effa_9-3671,https://st.hzcdn.com/simgs/1f2190fe0bc5effb_9-3671,"Uttermost 23244 Gamlin - 41"" Counter Stool",
https://st.hzcdn.com/simgs/559115010c378f87_9-9378,https://st.hzcdn.com/simgs/10311f450c378f89_9-6966,"Paloma Cognac Velvet Accent Chair, Cognac",
https://st.hzcdn.com/simgs/90c122ff058aa89e_9-1960/home-design.jpg,,Baxton Studio Marquis Tan Microfiber Club Chair,
https://st.hzcdn.com/simgs/c69141160cd33bad_9-1585,https://st.hzcdn.com/simgs/6f314b800cd33bb0_9-1585,"Renee Contemporary Chair, Espresso Metal Legs with Yellow Fabric by LumiSource",
https://st.hzcdn.com/simgs/4451a29c080a7f73_9-7543,https://st.hzcdn.com/simgs/171164d9080a7f74_9-7543,"Colter Leather Dining Arm Chair with Steel Legs, Black",
https://st.hzcdn.com/simgs/16a17ef50f9068fe_9-2086,https://st.hzcdn.com/simgs/5201ffb10f9068ff_9-3657,"GDF Studio Oliver Farmhouse Armchair, Green Checkerboard/Dark Brown",
https://st.hzcdn.com/simgs/3a2144320d0d2e19_9-8773,https://st.hzcdn.com/simgs/006140ec0d0d2e1a_9-6128,"West Palm Living Room Accent Chair in Rustic Oak, Beige",
https://st.hzcdn.com/simgs/adc12773025c7ac3_9-1213/home-design.jpg,,"Boheme Leather Chair, Optic White, Set of 2",
https://st.hzcdn.com/simgs/4041c32c0b1051d4_9-9686,https://st.hzcdn.com/simgs/2d61e5af0b1051d7_9-0076,"Modern Dining Chairs Wood Armchairs, Set of 2, Natural",
https://st.hzcdn.com/simgs/f1112e190ec8f23a_9-7980/home-design.jpg,,"Swivel Performance Velvet Armchair, White",
https://st.hzcdn.com/simgs/bbd1bc8b0ae90006_9-2171,https://st.hzcdn.com/simgs/bf9182580ae90009_9-2171,"Karina Velvet Dining Chairs, Set of 2, Pink, Gold Base",
https://st.hzcdn.com/simgs/bd7125350c34df55_9-7320,https://st.hzcdn.com/simgs/6dd1186e0c34df57_9-7320,"Peyton Accent Chair, Vintage Midnight",
https://st.hzcdn.com/simgs/e1f1ccd70f931da2_9-3542,https://st.hzcdn.com/simgs/a4010a920f931da3_9-3709,"Victoria Modern Dining Chair With Beech Wood Legs, Set of 2",
https://st.hzcdn.com/simgs/188158de05b01de2_9-0281,https://st.hzcdn.com/simgs/4351474205b01de6_9-0281,"Sienna Leather Dining Chair, Matte Ochre",
https://st.hzcdn.com/simgs/38f195490ae8fffe_9-9568,https://st.hzcdn.com/simgs/b6b1b8190ae90000_9-7498,"Giselle Velvet Dining Chairs, Set of 2, Pink, Gold Base",
https://st.hzcdn.com/simgs/98c16ab80ae8ffb7_9-1610,https://st.hzcdn.com/simgs/8b7179170ae8ffb9_9-2166,"Heidi Velvet Dining Chairs, Set of 2, Black",
https://st.hzcdn.com/simgs/ffb1fa170e3dded1_9-4584,https://st.hzcdn.com/simgs/5921f7290e331305_9-4584,"Booth Performance Velvet Swivel Armchair, White",
https://st.hzcdn.com/simgs/20d1aa350c92a142_9-5340,https://st.hzcdn.com/simgs/9b6182ad0c92a147_9-5340,"Safavieh Clara Quilted Swivel Tub Chair, Emerald/Gold",
https://st.hzcdn.com/simgs/b3a1b3160f27b2df_9-0488,https://st.hzcdn.com/simgs/25b18d4e0f27b2e9_9-0488,"High Wingback Linen Armchair, Purple",
https://st.hzcdn.com/simgs/f691c1a0079a2422_9-7713,https://st.hzcdn.com/simgs/fbf1ebce079a2427_9-7713,"Montalto Pin-Tuck Lift Chair, Saville Brown",
https://st.hzcdn.com/simgs/1641351d0f99fc20_9-8349,https://st.hzcdn.com/simgs/13c106380f99fc23_9-8349,"Omax Decor Jane Lounge Accent Chair, Gold",
https://st.hzcdn.com/simgs/2f017e750f283d65_9-3642,https://st.hzcdn.com/simgs/5051853d0f283d69_9-3642,"Rosco Velvet Accent Chair, Charcoal",
https://st.hzcdn.com/simgs/fa11f12a0ae8ffb7_9-9596,https://st.hzcdn.com/simgs/bc613d340c917f7e_9-6769,"Gianna Velvet Dining Chair, Gray, Gold Base",
https://st.hzcdn.com/simgs/504198490e910009_9-1656,https://st.hzcdn.com/simgs/42d13a110e910040_9-1656,"Amy Swivel Accent Chair, Coastal Tan",
https://st.hzcdn.com/simgs/11d1261f0a4bd92f_9-7126,https://st.hzcdn.com/simgs/ede1671e0a2856ed_9-7126,"Lemele Velvet Dining Chairs, Set Of 2, Brown Sugar",
https://st.hzcdn.com/simgs/fe2159ae0ba2f528_9-3035,https://st.hzcdn.com/simgs/4bc12e8d0ba2f52d_9-6254,"Omax Decor Zola Lounge Chair, Brown/Walnut",
https://st.hzcdn.com/simgs/c201100b0ae8ffea_9-2176,https://st.hzcdn.com/simgs/df91051c0ae8ffec_9-2176,"Karina Velvet Dining Chairs, Set of 2, Gray, Gold Base",
https://st.hzcdn.com/simgs/22017fff0ef2282c_9-6337,https://st.hzcdn.com/simgs/659199710ef2282f_9-7180,"Aniline Leather Lounge Chair and Ottoman, Black, Base Palisander",
https://st.hzcdn.com/simgs/42a113120f906eb9_9-1813,https://st.hzcdn.com/simgs/1fb1813e0f906eba_9-3649,"GDF Studio Evelyn Mid Century Modern Fabric Arm Chair, Dark Gray/Walnut",
https://st.hzcdn.com/simgs/9c5108170b48767c_9-1482,https://st.hzcdn.com/simgs/52b102b70b48767e_9-1482,Divani Casa Joseph Modern Orange Fabric Accent Chair,
https://st.hzcdn.com/simgs/1c610f4f0dd70537_9-5851,https://st.hzcdn.com/simgs/d5c117280dd7053b_9-2877,"Xavier Velvet Dining Chair, Gray, Gold Legs",
https://st.hzcdn.com/simgs/c1c1adee0f9082cf_9-1739,https://st.hzcdn.com/simgs/ffb1f4a90f9082d2_9-3629,"GDF Studio Evelyn Mid Century Modern Fabric Arm Chair, Beige/Walnut",
https://st.hzcdn.com/simgs/46e12cae0db1c272_9-7309,https://st.hzcdn.com/simgs/af81daab0db1c274_9-7403,"Nikki Velvet Dining Chairs, Set of 2, Navy",
https://st.hzcdn.com/simgs/20518daf0bac0ce1_9-8224,https://st.hzcdn.com/simgs/2eb1d4660bac0ce3_9-2661,"Akoya Velvet Dining Chair, Set of 2, Navy",
https://st.hzcdn.com/simgs/46b13b4a07169133_9-3031,https://st.hzcdn.com/simgs/389106e507169138_9-3031,Glacier Country Collection Side Chair With Ergonomic Wooden Seat,
image1,image2,name,summery
https://st.hzcdn.com/simgs/6991c57d0f9cec5e_9-2946,https://st.hzcdn.com/simgs/80d19bc00f9cec5f_9-2946,Pemberly Row Wood Dining Swivel Counter Stools in Distressed Gray (Set of 2),
https://st.hzcdn.com/simgs/828106e40b046a2f_9-5612/home-design.jpg,,"Hannah Velvet Dining Chairs, Set of 2, Black",
https://st.hzcdn.com/simgs/90c122ff058aa89e_9-1960/home-design.jpg,,Baxton Studio Marquis Tan Microfiber Club Chair,
https://st.hzcdn.com/simgs/4451a29c080a7f73_9-7543,https://st.hzcdn.com/simgs/171164d9080a7f74_9-7543,"Colter Leather Dining Arm Chair with Steel Legs, Black",
https://st.hzcdn.com/simgs/eca1acfa0bc5effa_9-3671,https://st.hzcdn.com/simgs/1f2190fe0bc5effb_9-3671,"Uttermost 23244 Gamlin - 41"" Counter Stool",
https://st.hzcdn.com/simgs/559115010c378f87_9-9378,https://st.hzcdn.com/simgs/10311f450c378f89_9-6966,"Paloma Cognac Velvet Accent Chair, Cognac",
https://st.hzcdn.com/simgs/46b13b4a07169133_9-3031,https://st.hzcdn.com/simgs/389106e507169138_9-3031,Glacier Country Collection Side Chair With Ergonomic Wooden Seat,
https://st.hzcdn.com/simgs/f1112e190ec8f23a_9-7980/home-design.jpg,,"Swivel Performance Velvet Armchair, White",
https://st.hzcdn.com/simgs/adc12773025c7ac3_9-1213/home-design.jpg,,"Boheme Leather Chair, Optic White, Set of 2",
https://st.hzcdn.com/simgs/3a2144320d0d2e19_9-8773,https://st.hzcdn.com/simgs/006140ec0d0d2e1a_9-6128,"West Palm Living Room Accent Chair in Rustic Oak, Beige",
https://st.hzcdn.com/simgs/bd7125350c34df55_9-7320,https://st.hzcdn.com/simgs/6dd1186e0c34df57_9-7320,"Peyton Accent Chair, Vintage Midnight",
https://st.hzcdn.com/simgs/bbd1bc8b0ae90006_9-2171,https://st.hzcdn.com/simgs/bf9182580ae90009_9-2171,"Karina Velvet Dining Chairs, Set of 2, Pink, Gold Base",
https://st.hzcdn.com/simgs/4041c32c0b1051d4_9-9686,https://st.hzcdn.com/simgs/2d61e5af0b1051d7_9-0076,"Modern Dining Chairs Wood Armchairs, Set of 2, Natural",
https://st.hzcdn.com/simgs/e1f1ccd70f931da2_9-3542,https://st.hzcdn.com/simgs/a4010a920f931da3_9-3709,"Victoria Modern Dining Chair With Beech Wood Legs, Set of 2",
https://st.hzcdn.com/simgs/16a17ef50f9068fe_9-2086,https://st.hzcdn.com/simgs/5201ffb10f9068ff_9-3657,"GDF Studio Oliver Farmhouse Armchair, Green Checkerboard/Dark Brown",
https://st.hzcdn.com/simgs/38f195490ae8fffe_9-9568,https://st.hzcdn.com/simgs/b6b1b8190ae90000_9-7498,"Giselle Velvet Dining Chairs, Set of 2, Pink, Gold Base",
https://st.hzcdn.com/simgs/188158de05b01de2_9-0281,https://st.hzcdn.com/simgs/4351474205b01de6_9-0281,"Sienna Leather Dining Chair, Matte Ochre",
https://st.hzcdn.com/simgs/98c16ab80ae8ffb7_9-1610,https://st.hzcdn.com/simgs/8b7179170ae8ffb9_9-2166,"Heidi Velvet Dining Chairs, Set of 2, Black",
https://st.hzcdn.com/simgs/b3a1b3160f27b2df_9-0488,https://st.hzcdn.com/simgs/25b18d4e0f27b2e9_9-0488,"High Wingback Linen Armchair, Purple",
https://st.hzcdn.com/simgs/ffb1fa170e3dded1_9-4584,https://st.hzcdn.com/simgs/5921f7290e331305_9-4584,"Booth Performance Velvet Swivel Armchair, White",
https://st.hzcdn.com/simgs/46e12cae0db1c272_9-7309,https://st.hzcdn.com/simgs/af81daab0db1c274_9-7403,"Nikki Velvet Dining Chairs, Set of 2, Navy",
https://st.hzcdn.com/simgs/20d1aa350c92a142_9-5340,https://st.hzcdn.com/simgs/9b6182ad0c92a147_9-5340,"Safavieh Clara Quilted Swivel Tub Chair, Emerald/Gold",
https://st.hzcdn.com/simgs/1641351d0f99fc20_9-8349,https://st.hzcdn.com/simgs/13c106380f99fc23_9-8349,"Omax Decor Jane Lounge Accent Chair, Gold",
https://st.hzcdn.com/simgs/2f017e750f283d65_9-3642,https://st.hzcdn.com/simgs/5051853d0f283d69_9-3642,"Rosco Velvet Accent Chair, Charcoal",
https://st.hzcdn.com/simgs/f691c1a0079a2422_9-7713,https://st.hzcdn.com/simgs/fbf1ebce079a2427_9-7713,"Montalto Pin-Tuck Lift Chair, Saville Brown",
https://st.hzcdn.com/simgs/fa11f12a0ae8ffb7_9-9596,https://st.hzcdn.com/simgs/bc613d340c917f7e_9-6769,"Gianna Velvet Dining Chair, Gray, Gold Base",
https://st.hzcdn.com/simgs/fe2159ae0ba2f528_9-3035,https://st.hzcdn.com/simgs/4bc12e8d0ba2f52d_9-6254,"Omax Decor Zola Lounge Chair, Brown/Walnut",
https://st.hzcdn.com/simgs/11d1261f0a4bd92f_9-7126,https://st.hzcdn.com/simgs/ede1671e0a2856ed_9-7126,"Lemele Velvet Dining Chairs, Set Of 2, Brown Sugar",
https://st.hzcdn.com/simgs/9c5108170b48767c_9-1482,https://st.hzcdn.com/simgs/52b102b70b48767e_9-1482,Divani Casa Joseph Modern Orange Fabric Accent Chair,
https://st.hzcdn.com/simgs/504198490e910009_9-1656,https://st.hzcdn.com/simgs/42d13a110e910040_9-1656,"Amy Swivel Accent Chair, Coastal Tan",
https://st.hzcdn.com/simgs/1c610f4f0dd70537_9-5851,https://st.hzcdn.com/simgs/d5c117280dd7053b_9-2877,"Xavier Velvet Dining Chair, Gray, Gold Legs",
https://st.hzcdn.com/simgs/c1c1adee0f9082cf_9-1739,https://st.hzcdn.com/simgs/ffb1f4a90f9082d2_9-3629,"GDF Studio Evelyn Mid Century Modern Fabric Arm Chair, Beige/Walnut",
https://st.hzcdn.com/simgs/c201100b0ae8ffea_9-2176,https://st.hzcdn.com/simgs/df91051c0ae8ffec_9-2176,"Karina Velvet Dining Chairs, Set of 2, Gray, Gold Base",
https://st.hzcdn.com/simgs/22017fff0ef2282c_9-6337,https://st.hzcdn.com/simgs/659199710ef2282f_9-7180,"Aniline Leather Lounge Chair and Ottoman, Black, Base Palisander",
https://st.hzcdn.com/simgs/20518daf0bac0ce1_9-8224,https://st.hzcdn.com/simgs/2eb1d4660bac0ce3_9-2661,"Akoya Velvet Dining Chair, Set of 2, Navy",
https://st.hzcdn.com/simgs/c69141160cd33bad_9-1585,https://st.hzcdn.com/simgs/6f314b800cd33bb0_9-1585,"Renee Contemporary Chair, Espresso Metal Legs with Yellow Fabric by LumiSource",
image1,image2,name,summery
https://st.hzcdn.com/simgs/e701216b0cba4d71_9-8015/home-design.jpg,,Hemma Pillow 20x20x4,
https://st.hzcdn.com/simgs/603192540cba56a2_9-6540/home-design.jpg,,"Fallon Pillow 22x22x5, Down Fill",
https://st.hzcdn.com/simgs/c6a1bb2e0cba4d0c_9-2167,https://cf-images.us-east-1.prod.boltdns.net/v1/jit/4186268161001/8d9545f3-3220-420a-a597-ed70d23a48a9/main/300x300/6s421ms/match/image.jpg,"Solid Luxe Pillow 18x18x4, Polyester Fill",
https://st.hzcdn.com/simgs/ef11b1090965607e_9-8286/home-design.jpg,,Banana Leaf Pillow 18x18x4,
https://st.hzcdn.com/simgs/69c1f6c40cba5cc9_9-7619,https://st.hzcdn.com/simgs/948132a20bfdc6dd_9-7614,"Velvet Poms Pillow 20x20x5, Polyester Fill",
https://st.hzcdn.com/simgs/5251b1120989eefa_9-8331/home-design.jpg,,Stripes Pillow 20x20x4,
https://st.hzcdn.com/simgs/ec21310e0cba4d2c_9-8784,https://cf-images.us-east-1.prod.boltdns.net/v1/jit/4186268161001/318a76bd-38b0-4305-8171-45ac9005188f/main/300x300/6s506ms/match/image.jpg,"Solid Luxe Pillow 18x18x4, Down Fill",
https://st.hzcdn.com/simgs/a0d19c350cba5c59_9-3682,https://st.hzcdn.com/simgs/f5d1cc2e0bfdc6c1_9-7785,"Teori Pillow 18x18x4, Down Fill",
https://st.hzcdn.com/simgs/34d175d809657d33_9-8047/home-design.jpg,,Lake Stripes Pillow 20x20x4,
https://st.hzcdn.com/simgs/c5816d350cba4f4e_9-4540,https://cf-images.us-east-1.prod.boltdns.net/v1/jit/4186268161001/c6adac83-3d1e-448f-8967-36bbe7b00d76/main/300x300/6s378ms/match/image.jpg,Lola Pillow Cover 22x14x0.25,
https://st.hzcdn.com/simgs/de21918c0cba497c_9-7782,https://cf-images.us-east-1.prod.boltdns.net/v1/jit/4186268161001/d1e2c32b-7beb-4a63-8b27-23ad171ed15b/main/300x300/6s442ms/match/image.jpg,"Cotton Velvet Pillow 18x18x4, Down Fill",
https://st.hzcdn.com/simgs/51b1b3bc0cba4d63_9-8024,https://cf-images.us-east-1.prod.boltdns.net/v1/jit/4186268161001/abbcb1a9-579a-444f-8f46-800489bd074c/main/300x300/6s602ms/match/image.jpg,"Claire Pillow 18x18x4, Down Fill",
https://st.hzcdn.com/simgs/ae61cc850cba476c_9-1137,https://st.hzcdn.com/simgs/6cc1e15e0cba4770_9-1137,Coral Pillow 16x16x4,
https://st.hzcdn.com/simgs/5fe1caac0cba4085_9-5564/home-design.jpg,,"Karma Pillow 18x18x4, Polyester Fill",
https://st.hzcdn.com/simgs/7cb1fe8e0cba408b_9-1899/home-design.jpg,,"Ara Pillow 18x18x4, Polyester Fill",
https://st.hzcdn.com/simgs/04e12e680cba5c4e_9-7785/home-design.jpg,,Teori Pillow Cover 20x20x0.25,
https://st.hzcdn.com/simgs/2c7171b40cba4c4f_9-8004/home-design.jpg,,"Gisele Pillow 22x22x5, Polyester Fill",
https://st.hzcdn.com/simgs/3451cdde0cba4972_9-7781,https://cf-images.us-east-1.prod.boltdns.net/v1/jit/4186268161001/fbb1404d-7924-4d79-8846-f2525ea7b175/main/300x300/5s920ms/match/image.jpg,"Cotton Velvet Pillow 18x18x4, Polyester Fill",
https://st.hzcdn.com/simgs/b7a1c9170cba4c70_9-7006/home-design.jpg,,Gisele Pillow Cover 22x22x0.25,
https://st.hzcdn.com/simgs/8611c6e50cba4960_9-7781,https://cf-images.us-east-1.prod.boltdns.net/v1/jit/4186268161001/1d1f98d8-d247-4006-afd3-4ac369d2ffba/main/300x300/6s165ms/match/image.jpg,Cotton Velvet Pillow Cover 20x20x0.25,
https://st.hzcdn.com/simgs/ea2104f00cba4ce9_9-2169,https://cf-images.us-east-1.prod.boltdns.net/v1/jit/4186268161001/a5518539-1f62-4af2-bb78-b430d6785b55/main/300x300/6s378ms/match/image.jpg,Solid Luxe Pillow Cover 18x18x0.25,
https://st.hzcdn.com/simgs/511101290cba4faf_9-9755,https://st.hzcdn.com/simgs/49211c600cba4fb2_9-9755,Lola Pillow Cover 30x30x0.25,
https://st.hzcdn.com/simgs/efa10df40cba4f91_9-4227,https://cf-images.us-east-1.prod.boltdns.net/v1/jit/4186268161001/e9125402-8ef7-4816-975b-62b1826b2abf/main/300x300/6s250ms/match/image.jpg,Lola Pillow Cover 20x20x0.25,
https://st.hzcdn.com/simgs/39f1b4140cba4c37_9-7021/home-design.jpg,,"Gisele Pillow 20x20x5, Polyester Fill",
https://st.hzcdn.com/simgs/6d5193bb0cba4975_9-5040,https://cf-images.us-east-1.prod.boltdns.net/v1/jit/4186268161001/27b982db-4672-4f17-95ca-4642c9e3015f/main/300x300/5s877ms/match/image.jpg,"Cotton Velvet Pillow 18x18x4, Down Fill",
https://st.hzcdn.com/simgs/69f1222a0cba540e_9-7784,https://st.hzcdn.com/simgs/7e012c6d0cba5410_9-7784,"Velvet Luxe Pillow 18x18x4, 18 X 18 X 4",
https://st.hzcdn.com/simgs/ef11b1090965607e_9-8286/home-design.jpg,,Banana Leaf Pillow 20x20x4,
https://st.hzcdn.com/simgs/081103fd0cba4c1e_9-8001/home-design.jpg,,"Gisele Pillow 18x18x4, Down Fill",
https://st.hzcdn.com/simgs/9a31511b0cba4955_9-7781,https://cf-images.us-east-1.prod.boltdns.net/v1/jit/4186268161001/769fef0e-6725-4b53-93a8-6b78ba9f1868/main/300x300/5s920ms/match/image.jpg,"Cotton Velvet Pillow 18x18x4, Down Fill",
https://st.hzcdn.com/simgs/9a31511b0cba4955_9-7781,https://cf-images.us-east-1.prod.boltdns.net/v1/jit/4186268161001/769fef0e-6725-4b53-93a8-6b78ba9f1868/main/300x300/5s920ms/match/image.jpg,"Cotton Velvet Pillow 18x18x4, Polyester Fill",
https://st.hzcdn.com/simgs/70e1442b0cba5d89_9-8332/home-design.jpg,,"Storm Pillow, 22x22x5",
https://st.hzcdn.com/simgs/48e122a10cba4fa8_9-4383,https://cf-images.us-east-1.prod.boltdns.net/v1/jit/4186268161001/c229b109-2aa6-4b86-8890-478983bfe711/main/300x300/6s752ms/match/image.jpg,Lola Pillow Cover 20x20x0.25,
https://st.hzcdn.com/simgs/a0d19c350cba5c59_9-3682,https://st.hzcdn.com/simgs/087120820bfdc6a4_9-7785,Teori Pillow Cover 18x18x0.25,
https://st.hzcdn.com/simgs/309112590cba5c9d_9-5585,https://cf-images.us-east-1.prod.boltdns.net/v1/jit/4186268161001/493633e0-258b-48dc-9871-eb8ac2f983ba/main/300x300/6s229ms/match/image.jpg,"Trenza Pillow 18x18x4, Polyester Fill",
https://st.hzcdn.com/simgs/65b1ceea0cba5acc_9-0790/home-design.jpg,,Solid Pillow Cover 20x20x0.25,
https://st.hzcdn.com/simgs/16c13cf70cba46e1_9-5741/home-design.jpg,,Cotton Kilim Pillow Cover 18x18x0.25,
image1,image2,name,summery
https://st.hzcdn.com/simgs/e701216b0cba4d71_9-8015/home-design.jpg,,Hemma Pillow 20x20x4,
https://st.hzcdn.com/simgs/c6a1bb2e0cba4d0c_9-2167,https://cf-images.us-east-1.prod.boltdns.net/v1/jit/4186268161001/8d9545f3-3220-420a-a597-ed70d23a48a9/main/300x300/6s421ms/match/image.jpg,"Solid Luxe Pillow 18x18x4, Polyester Fill",
https://st.hzcdn.com/simgs/5251b1120989eefa_9-8331/home-design.jpg,,Stripes Pillow 20x20x4,
https://st.hzcdn.com/simgs/69c1f6c40cba5cc9_9-7619,https://st.hzcdn.com/simgs/948132a20bfdc6dd_9-7614,"Velvet Poms Pillow 20x20x5, Polyester Fill",
https://st.hzcdn.com/simgs/603192540cba56a2_9-6540/home-design.jpg,,"Fallon Pillow 22x22x5, Down Fill",
https://st.hzcdn.com/simgs/ec21310e0cba4d2c_9-8784,https://cf-images.us-east-1.prod.boltdns.net/v1/jit/4186268161001/318a76bd-38b0-4305-8171-45ac9005188f/main/300x300/6s506ms/match/image.jpg,"Solid Luxe Pillow 18x18x4, Down Fill",
https://st.hzcdn.com/simgs/ef11b1090965607e_9-8286/home-design.jpg,,Banana Leaf Pillow 18x18x4,
https://st.hzcdn.com/simgs/ae61cc850cba476c_9-1137,https://st.hzcdn.com/simgs/6cc1e15e0cba4770_9-1137,Coral Pillow 16x16x4,
https://st.hzcdn.com/simgs/34d175d809657d33_9-8047/home-design.jpg,,Lake Stripes Pillow 20x20x4,
https://st.hzcdn.com/simgs/de21918c0cba497c_9-7782,https://cf-images.us-east-1.prod.boltdns.net/v1/jit/4186268161001/d1e2c32b-7beb-4a63-8b27-23ad171ed15b/main/300x300/6s442ms/match/image.jpg,"Cotton Velvet Pillow 18x18x4, Down Fill",
https://st.hzcdn.com/simgs/c5816d350cba4f4e_9-4540,https://cf-images.us-east-1.prod.boltdns.net/v1/jit/4186268161001/c6adac83-3d1e-448f-8967-36bbe7b00d76/main/300x300/6s378ms/match/image.jpg,Lola Pillow Cover 22x14x0.25,
https://st.hzcdn.com/simgs/51b1b3bc0cba4d63_9-8024,https://cf-images.us-east-1.prod.boltdns.net/v1/jit/4186268161001/abbcb1a9-579a-444f-8f46-800489bd074c/main/300x300/6s602ms/match/image.jpg,"Claire Pillow 18x18x4, Down Fill",
https://st.hzcdn.com/simgs/7cb1fe8e0cba408b_9-1899/home-design.jpg,,"Ara Pillow 18x18x4, Polyester Fill",
https://st.hzcdn.com/simgs/a0d19c350cba5c59_9-3682,https://st.hzcdn.com/simgs/f5d1cc2e0bfdc6c1_9-7785,"Teori Pillow 18x18x4, Down Fill",
https://st.hzcdn.com/simgs/8611c6e50cba4960_9-7781,https://cf-images.us-east-1.prod.boltdns.net/v1/jit/4186268161001/1d1f98d8-d247-4006-afd3-4ac369d2ffba/main/300x300/6s165ms/match/image.jpg,Cotton Velvet Pillow Cover 20x20x0.25,
https://st.hzcdn.com/simgs/2c7171b40cba4c4f_9-8004/home-design.jpg,,"Gisele Pillow 22x22x5, Polyester Fill",
https://st.hzcdn.com/simgs/5fe1caac0cba4085_9-5564/home-design.jpg,,"Karma Pillow 18x18x4, Polyester Fill",
https://st.hzcdn.com/simgs/16c13cf70cba46e1_9-5741/home-design.jpg,,Cotton Kilim Pillow Cover 18x18x0.25,
https://st.hzcdn.com/simgs/04e12e680cba5c4e_9-7785/home-design.jpg,,Teori Pillow Cover 20x20x0.25,
https://st.hzcdn.com/simgs/3451cdde0cba4972_9-7781,https://cf-images.us-east-1.prod.boltdns.net/v1/jit/4186268161001/fbb1404d-7924-4d79-8846-f2525ea7b175/main/300x300/5s920ms/match/image.jpg,"Cotton Velvet Pillow 18x18x4, Polyester Fill",
https://st.hzcdn.com/simgs/ea2104f00cba4ce9_9-2169,https://cf-images.us-east-1.prod.boltdns.net/v1/jit/4186268161001/a5518539-1f62-4af2-bb78-b430d6785b55/main/300x300/6s378ms/match/image.jpg,Solid Luxe Pillow Cover 18x18x0.25,
https://st.hzcdn.com/simgs/511101290cba4faf_9-9755,https://st.hzcdn.com/simgs/49211c600cba4fb2_9-9755,Lola Pillow Cover 30x30x0.25,
https://st.hzcdn.com/simgs/efa10df40cba4f91_9-4227,https://cf-images.us-east-1.prod.boltdns.net/v1/jit/4186268161001/e9125402-8ef7-4816-975b-62b1826b2abf/main/300x300/6s250ms/match/image.jpg,Lola Pillow Cover 20x20x0.25,
https://st.hzcdn.com/simgs/6d5193bb0cba4975_9-5040,https://cf-images.us-east-1.prod.boltdns.net/v1/jit/4186268161001/27b982db-4672-4f17-95ca-4642c9e3015f/main/300x300/5s877ms/match/image.jpg,"Cotton Velvet Pillow 18x18x4, Down Fill",
https://st.hzcdn.com/simgs/69f1222a0cba540e_9-7784,https://st.hzcdn.com/simgs/7e012c6d0cba5410_9-7784,"Velvet Luxe Pillow 18x18x4, 18 X 18 X 4",
https://st.hzcdn.com/simgs/39f1b4140cba4c37_9-7021/home-design.jpg,,"Gisele Pillow 20x20x5, Polyester Fill",
https://st.hzcdn.com/simgs/ef11b1090965607e_9-8286/home-design.jpg,,Banana Leaf Pillow 20x20x4,
https://st.hzcdn.com/simgs/081103fd0cba4c1e_9-8001/home-design.jpg,,"Gisele Pillow 18x18x4, Down Fill",
https://st.hzcdn.com/simgs/9a31511b0cba4955_9-7781,https://cf-images.us-east-1.prod.boltdns.net/v1/jit/4186268161001/769fef0e-6725-4b53-93a8-6b78ba9f1868/main/300x300/5s920ms/match/image.jpg,"Cotton Velvet Pillow 18x18x4, Down Fill",
https://st.hzcdn.com/simgs/9a31511b0cba4955_9-7781,https://cf-images.us-east-1.prod.boltdns.net/v1/jit/4186268161001/769fef0e-6725-4b53-93a8-6b78ba9f1868/main/300x300/5s920ms/match/image.jpg,"Cotton Velvet Pillow 18x18x4, Polyester Fill",
https://st.hzcdn.com/simgs/70e1442b0cba5d89_9-8332/home-design.jpg,,"Storm Pillow, 22x22x5",
https://st.hzcdn.com/simgs/48e122a10cba4fa8_9-4383,https://cf-images.us-east-1.prod.boltdns.net/v1/jit/4186268161001/c229b109-2aa6-4b86-8890-478983bfe711/main/300x300/6s752ms/match/image.jpg,Lola Pillow Cover 20x20x0.25,
https://st.hzcdn.com/simgs/65b1ceea0cba5acc_9-0790/home-design.jpg,,Solid Pillow Cover 20x20x0.25,
https://st.hzcdn.com/simgs/b7a1c9170cba4c70_9-7006/home-design.jpg,,Gisele Pillow Cover 22x22x0.25,
https://st.hzcdn.com/simgs/309112590cba5c9d_9-5585,https://cf-images.us-east-1.prod.boltdns.net/v1/jit/4186268161001/493633e0-258b-48dc-9871-eb8ac2f983ba/main/300x300/6s229ms/match/image.jpg,"Trenza Pillow 18x18x4, Polyester Fill",
https://st.hzcdn.com/simgs/a0d19c350cba5c59_9-3682,https://st.hzcdn.com/simgs/087120820bfdc6a4_9-7785,Teori Pillow Cover 18x18x0.25,
name,image1,image2,summery
Pemberly Row Wood Dining Swivel Counter Stools in Distressed Gray (Set of 2),https://st.hzcdn.com/simgs/6991c57d0f9cec5e_9-2946,https://st.hzcdn.com/simgs/80d19bc00f9cec5f_9-2946,
"Colter Leather Dining Arm Chair with Steel Legs, Black",https://st.hzcdn.com/simgs/4451a29c080a7f73_9-7543,https://st.hzcdn.com/simgs/171164d9080a7f74_9-7543,
"Hannah Velvet Dining Chairs, Set of 2, Black",https://st.hzcdn.com/simgs/828106e40b046a2f_9-5612/home-design.jpg,,
"Renee Contemporary Chair, Espresso Metal Legs with Yellow Fabric by LumiSource",https://st.hzcdn.com/simgs/c69141160cd33bad_9-1585,https://st.hzcdn.com/simgs/6f314b800cd33bb0_9-1585,
Glacier Country Collection Side Chair With Ergonomic Wooden Seat,https://st.hzcdn.com/simgs/46b13b4a07169133_9-3031,https://st.hzcdn.com/simgs/389106e507169138_9-3031,
"Uttermost 23244 Gamlin - 41"" Counter Stool",https://st.hzcdn.com/simgs/eca1acfa0bc5effa_9-3671,https://st.hzcdn.com/simgs/1f2190fe0bc5effb_9-3671,
Baxton Studio Marquis Tan Microfiber Club Chair,https://st.hzcdn.com/simgs/90c122ff058aa89e_9-1960/home-design.jpg,,
"Swivel Performance Velvet Armchair, White",https://st.hzcdn.com/simgs/f1112e190ec8f23a_9-7980/home-design.jpg,,
"Paloma Cognac Velvet Accent Chair, Cognac",https://st.hzcdn.com/simgs/559115010c378f87_9-9378,https://st.hzcdn.com/simgs/10311f450c378f89_9-6966,
"GDF Studio Oliver Farmhouse Armchair, Green Checkerboard/Dark Brown",https://st.hzcdn.com/simgs/16a17ef50f9068fe_9-2086,https://st.hzcdn.com/simgs/5201ffb10f9068ff_9-3657,
"Boheme Leather Chair, Optic White, Set of 2",https://st.hzcdn.com/simgs/adc12773025c7ac3_9-1213/home-design.jpg,,
"West Palm Living Room Accent Chair in Rustic Oak, Beige",https://st.hzcdn.com/simgs/3a2144320d0d2e19_9-8773,https://st.hzcdn.com/simgs/006140ec0d0d2e1a_9-6128,
"Modern Dining Chairs Wood Armchairs, Set of 2, Natural",https://st.hzcdn.com/simgs/4041c32c0b1051d4_9-9686,https://st.hzcdn.com/simgs/2d61e5af0b1051d7_9-0076,
"Peyton Accent Chair, Vintage Midnight",https://st.hzcdn.com/simgs/bd7125350c34df55_9-7320,https://st.hzcdn.com/simgs/6dd1186e0c34df57_9-7320,
"Sienna Leather Dining Chair, Matte Ochre",https://st.hzcdn.com/simgs/188158de05b01de2_9-0281,https://st.hzcdn.com/simgs/4351474205b01de6_9-0281,
"Karina Velvet Dining Chairs, Set of 2, Pink, Gold Base",https://st.hzcdn.com/simgs/bbd1bc8b0ae90006_9-2171,https://st.hzcdn.com/simgs/bf9182580ae90009_9-2171,
"Victoria Modern Dining Chair With Beech Wood Legs, Set of 2",https://st.hzcdn.com/simgs/e1f1ccd70f931da2_9-3542,https://st.hzcdn.com/simgs/a4010a920f931da3_9-3709,
"Heidi Velvet Dining Chairs, Set of 2, Black",https://st.hzcdn.com/simgs/98c16ab80ae8ffb7_9-1610,https://st.hzcdn.com/simgs/8b7179170ae8ffb9_9-2166,
Divani Casa Joseph Modern Orange Fabric Accent Chair,https://st.hzcdn.com/simgs/9c5108170b48767c_9-1482,https://st.hzcdn.com/simgs/52b102b70b48767e_9-1482,
"Giselle Velvet Dining Chairs, Set of 2, Pink, Gold Base",https://st.hzcdn.com/simgs/38f195490ae8fffe_9-9568,https://st.hzcdn.com/simgs/b6b1b8190ae90000_9-7498,
"Eero Saarinen Style Womb Chair and Ottoman White, Black",https://st.hzcdn.com/simgs/57c14ab00cf966a2_9-1327,https://st.hzcdn.com/simgs/dca1d9780cf966a5_9-1327,
"Nikki Velvet Dining Chairs, Set of 2, Navy",https://st.hzcdn.com/simgs/46e12cae0db1c272_9-7309,https://st.hzcdn.com/simgs/af81daab0db1c274_9-7403,
"Ruth Dining Chairs, Set of 2, Green",https://st.hzcdn.com/simgs/a6b1f4cf0e828e85_9-1240,https://st.hzcdn.com/simgs/93a1c8d50e828e87_9-1240,
"High Wingback Linen Armchair, Purple",https://st.hzcdn.com/simgs/b3a1b3160f27b2df_9-0488,https://st.hzcdn.com/simgs/25b18d4e0f27b2e9_9-0488,
"Madison Park Maxwell Button Tufted Wing Chair, Gray",https://st.hzcdn.com/simgs/d701616f0f3fe8c7_9-6501,https://st.hzcdn.com/simgs/e93120360f3fe8c9_9-7265,
Coaster Accent Seating Barrel Back Upholstered Accent Chair,https://st.hzcdn.com/simgs/1c61974208640145_9-6077,https://st.hzcdn.com/simgs/1b719c3908640146_9-6077,
"Chair, Sixteen, Taupe",https://st.hzcdn.com/simgs/119173ad0790db41_9-7385/home-design.jpg,,
Monarch Faux Leather Accent Chair in Black,https://st.hzcdn.com/simgs/4ab1269a09d67c31_9-7911,https://st.hzcdn.com/simgs/68c1359109d67c32_9-7911,
"Wesley Walnut Finished Wood Dining Chair, Set of 2, Light Gray",https://st.hzcdn.com/simgs/a8419bd50ae8dd13_9-4265,https://st.hzcdn.com/simgs/ad51949d0ae8dd16_9-4265,
"Larisa Barrel Chair, Tropical",https://st.hzcdn.com/simgs/5fc163b90e966d30_9-0939,https://st.hzcdn.com/simgs/6471ad000e966d2a_9-0939,
"CosmoLiving Ellis Modern Metal Accent Chair, Blush Pink",https://st.hzcdn.com/simgs/2941349f0f35d739_9-1480,https://st.hzcdn.com/simgs/8de155180f35d731_9-3899,
"Set of 2 Real Oak Wood PU Leather Cushion Seat Modern Wood Side Dining Chair, Bl",https://st.hzcdn.com/simgs/85513c060fa09883_9-9344,https://st.hzcdn.com/simgs/b891abf80e0501c3_9-9344,
"Nika Dining Chair, Seat: Matte Black, Frame: Polished Silver",https://st.hzcdn.com/simgs/1a1163c10a7c87c4_9-9046,https://st.hzcdn.com/simgs/b9014e500a7c87c7_9-9046,
"Armless Accent Chair, Brown Faux Leather",https://st.hzcdn.com/simgs/22e1b5950d2f697b_9-4404,https://st.hzcdn.com/simgs/cb516be20d4450aa_9-4404,
"Grand Club Chair, Light Gray",https://st.hzcdn.com/simgs/219136950e828eee_9-5117,https://st.hzcdn.com/simgs/46d1cc7b0e828ef1_9-5117,
"Milano Dining Chair, Gray",https://st.hzcdn.com/simgs/93e111e00b96937f_9-2677,https://st.hzcdn.com/simgs/c01175b40b884c18_9-4820,
"Leatherette Dining Chairs, Set of 2, Brown",https://st.hzcdn.com/simgs/f931ed470575da61_9-4722/home-design.jpg,,
"Shell Chair, White",https://st.hzcdn.com/simgs/b5d128bb0fda3577_9-6298,https://st.hzcdn.com/simgs/384134580fda357a_9-6298,
"Noah Velvet Accent Chair, Cognac, Gold Base",https://st.hzcdn.com/simgs/ae0176cc0efca6ad_9-2196,https://st.hzcdn.com/simgs/dc21d4360efca6ae_9-2196,
"Upholstered Vinyl Accent Chair, Blue",https://st.hzcdn.com/simgs/1a91b6b10e9d6a05_9-1413/home-design.jpg,,
"Modrest Nisse Contemporary Leatherette Dining Chairs, Set of 2, Gray, Chrome",https://st.hzcdn.com/simgs/8211af240cd7f4c9_9-5307,https://st.hzcdn.com/simgs/d771482a07f82adb_9-5307,
Designer Wood Dining Chair Chairs ArmChair With Open Y Back For Kitchen Set of 2,https://st.hzcdn.com/simgs/9371bad30f937435_9-2402,https://st.hzcdn.com/simgs/99e186c20f937439_9-2739,
"SET of 4: Clear Eiffel Style Chair, Gold Legs",https://st.hzcdn.com/simgs/5be1459f0d096220_9-5801,https://st.hzcdn.com/simgs/8a61a83c0d096226_9-6448,
"INK+IVY Nola Dining Chairs, Set of 2",https://st.hzcdn.com/simgs/93d1221c0e6f1fcf_9-7320,https://cf-images.us-east-1.prod.boltdns.net/v1/jit/4186268161001/8af93098-7318-4fa3-a155-6dad5f02d648/main/300x300/17s269ms/match/image.jpg,
Modern-Inspired Gold and Marble Accent Chair,https://st.hzcdn.com/simgs/6b01a8440b18022e_9-9674,https://st.hzcdn.com/simgs/6a41bdb10b180232_9-0196,
"Millett Wingback Chair, Gray",https://st.hzcdn.com/simgs/128191a50bb210f4_9-1057,https://st.hzcdn.com/simgs/4d7151910bae2a23_9-5276,
"Safavieh Lotus Side Chairs, Set of 2, Taupe I",https://st.hzcdn.com/simgs/1f81ff3905e7a0ed_9-0642,https://st.hzcdn.com/simgs/7491c11405e7a0f0_9-0642,
Flash Furniture Hercules Diplomat Leather Chair in Black,https://st.hzcdn.com/simgs/7cb149750fb4bba0_9-9261,https://st.hzcdn.com/simgs/600105510fb4bba1_9-9261,
Modway Prospect Channel Tufted Velvet Armchair in Gray (Set of 2),https://st.hzcdn.com/simgs/0c41ce3e0eb4e5ce_9-0032,https://st.hzcdn.com/simgs/7d013eec0eb4e5cf_9-0032,
"Annie Tufted Velvet Dining Chairs, Set of 2",https://st.hzcdn.com/simgs/6f01f55a0e85678d_9-5684,https://st.hzcdn.com/simgs/70e186010e856792_9-5302,
Barcelona Style Lounge Chair - Top Grain Premium Italian Leather - Black,https://st.hzcdn.com/simgs/6ad104830bc02e23_9-4128,https://st.hzcdn.com/simgs/aeb150360bc02e2d_9-4128,
"Modern Dining Chairs Wood Armchairs, Set of 2, White",https://st.hzcdn.com/simgs/4221dc6f0b1051d3_9-3225,https://st.hzcdn.com/simgs/1541cabc0b1051d4_9-0076,
"Valencia Bonded Leather Chair, Set of 2, Black",https://st.hzcdn.com/simgs/4b1110470c34dff8_9-5130,https://st.hzcdn.com/simgs/bce1360a0c34dffa_9-5130,
Dawn Modern Velvet Arm Chair,https://st.hzcdn.com/simgs/71715e220f931d83_9-3755,https://st.hzcdn.com/simgs/ad612aa30f931d8f_9-3770,
"Fabric Upholstered Accent Chair, In Brown And Black",https://st.hzcdn.com/simgs/7681d9910c0a4efa_9-0930,https://st.hzcdn.com/simgs/43c1dba70c0a4efa_9-0930,
"Capri Wood Dining Chair, Solid Bleech Wenge Base, White Ppm",https://st.hzcdn.com/simgs/bba175200810ebb7_9-6865,https://st.hzcdn.com/simgs/937154380810ebba_9-3943,
"Schoolhouse Wood Arm Chair, Mahogany",https://st.hzcdn.com/simgs/d0c117190af469c4_9-7289,https://st.hzcdn.com/simgs/f6f1d4ba0af1da0a_9-7289,
"GDF Studio Lexia Classic Slate Microfiber Dining Chair, Set of 2",https://st.hzcdn.com/simgs/61d1e4940f9316b8_9-7437,https://st.hzcdn.com/simgs/21019c0a0f9316b9_9-3590,
"Wassily Saddle Leather Chair, Black",https://st.hzcdn.com/simgs/85115cee0c6ca094_9-1975,https://st.hzcdn.com/simgs/df7151a60c6ca096_9-1975,
"Tripod Plywood Modern Lounge Chair, Genuine Italian Leather, Wihte, Walnut",https://st.hzcdn.com/simgs/81815ac30c6ca092_9-2596,https://st.hzcdn.com/simgs/5be14bd30c6ca094_9-2596,
"Geometric Gold Metal Dining Chair, 20""x36""",https://st.hzcdn.com/simgs/3ef1f4c20ee14115_9-8208,https://st.hzcdn.com/simgs/31e131210ee14119_9-8208,
Magnolia Navy Chair With Silver Base,https://st.hzcdn.com/simgs/50d1514c0dcb1f26_9-5884,https://st.hzcdn.com/simgs/8101ea410dcb1f27_9-5884,
"Betty Traditional Fabric Club Chair, Beige",https://st.hzcdn.com/simgs/3391692d0f931bf8_9-3649,https://st.hzcdn.com/simgs/9f4115e70f931bf9_9-3694,
"Chelsea Mid Century Modern DSW Side Chairs, Set of 2, White",https://st.hzcdn.com/simgs/544114bb0c77f5c4_9-6611,https://st.hzcdn.com/simgs/c5915c3d0c7819ae_9-5129,
"Noah Velvet Accent Chair, Green, Gold Base",https://st.hzcdn.com/simgs/f2b18e390efca678_9-2221,https://st.hzcdn.com/simgs/334137810efca674_9-2221,
"Jacob Chairs, Set of 2, Cherry",https://st.hzcdn.com/simgs/a891c88705ce49b7_9-0950/home-design.jpg,,
"Gerald Mid-Century Modern Tufted Wingback Armchair, Forest Green Velvet",https://st.hzcdn.com/simgs/3e31a7a50e3adcd0_9-2175,https://cf-images.us-east-1.prod.boltdns.net/v1/jit/4186268161001/9c9028b1-7e44-4522-a092-4914ce85bce0/main/300x300/15s40ms/match/image.jpg,
"Danica Lounge Chair, Red",https://st.hzcdn.com/simgs/a16155360eff58e0_9-4918,https://st.hzcdn.com/simgs/bed1200b0eff58e4_9-4918,
"Madeline Velvet Dining Chair, Burgundy",https://st.hzcdn.com/simgs/3cf125900c890858_9-1321,https://st.hzcdn.com/simgs/61015f220da10050_9-1321,
"Parsons Elegant Tufted Upholstered Dining Chair, Set of 2, Black",https://st.hzcdn.com/simgs/62615e440925b6b1_9-3054,https://st.hzcdn.com/simgs/9391c2480925b6e1_9-3054,
"LumiSource Daniella Dining Chair, Black Metal and Gray, Set of 2",https://st.hzcdn.com/simgs/e78109da0c4f33bb_9-8914,https://st.hzcdn.com/simgs/8d41057c0c4f33c2_9-8914,
"GDF Studio Sheldon Traditional Design High Back Fabric Dining Chair, Dark Blue",https://st.hzcdn.com/simgs/49b100ac0f9077fe_9-2117,https://st.hzcdn.com/simgs/0881a4a20f907800_9-3576,
"Blanca Upholstered Dining Chairs, Set of 4, Caribbean Blue",https://st.hzcdn.com/simgs/33d11e8b0b292c0d_9-3546,https://st.hzcdn.com/simgs/a021418d09f24b76_9-3546,
"Bryce Faux Leather Dining Chair, Set of 2, Black",https://st.hzcdn.com/simgs/efe119310dd706f5_9-5826,https://st.hzcdn.com/simgs/79f12d760dd706fb_9-2935,
"Safavieh Clara Quilted Swivel Tub Chair, Emerald/Gold",https://st.hzcdn.com/simgs/20d1aa350c92a142_9-5340,https://st.hzcdn.com/simgs/9b6182ad0c92a147_9-5340,
"Booth Performance Velvet Swivel Armchair, White",https://st.hzcdn.com/simgs/ffb1fa170e3dded1_9-4584,https://st.hzcdn.com/simgs/5921f7290e331305_9-4584,
"Omax Decor Jane Lounge Accent Chair, Gold",https://st.hzcdn.com/simgs/1641351d0f99fc20_9-8349,https://st.hzcdn.com/simgs/13c106380f99fc23_9-8349,
"Montalto Pin-Tuck Lift Chair, Saville Brown",https://st.hzcdn.com/simgs/f691c1a0079a2422_9-7713,https://st.hzcdn.com/simgs/fbf1ebce079a2427_9-7713,
"Rosco Velvet Accent Chair, Charcoal",https://st.hzcdn.com/simgs/2f017e750f283d65_9-3642,https://st.hzcdn.com/simgs/5051853d0f283d69_9-3642,
"Gianna Velvet Dining Chair, Gray, Gold Base",https://st.hzcdn.com/simgs/fa11f12a0ae8ffb7_9-9596,https://st.hzcdn.com/simgs/bc613d340c917f7e_9-6769,
"Oxford Velvet Dining Chair, Set of 2, Pink",https://st.hzcdn.com/simgs/6e61dfaf0bac0257_9-8243,https://st.hzcdn.com/simgs/9f61a2f20bac025a_9-9561,
"Lemele Velvet Dining Chairs, Set Of 2, Brown Sugar",https://st.hzcdn.com/simgs/11d1261f0a4bd92f_9-7126,https://st.hzcdn.com/simgs/ede1671e0a2856ed_9-7126,
"Amy Swivel Accent Chair, Coastal Tan",https://st.hzcdn.com/simgs/504198490e910009_9-1656,https://st.hzcdn.com/simgs/42d13a110e910040_9-1656,
Savonarola Chair,https://st.hzcdn.com/simgs/e991ce2f07102df0_9-5562,https://st.hzcdn.com/simgs/1671e4ab07102df1_9-8135,
"GDF Studio Percival T-stitched Chocolate Brown Leather Dining Chairs, Set of 4",https://st.hzcdn.com/simgs/f3d113a30f90732e_9-2375/home-design.jpg,,
"Omax Decor Zola Lounge Chair, Brown/Walnut",https://st.hzcdn.com/simgs/fe2159ae0ba2f528_9-3035,https://st.hzcdn.com/simgs/4bc12e8d0ba2f52d_9-6254,
"Aniline Leather Lounge Chair and Ottoman, Black, Base Palisander",https://st.hzcdn.com/simgs/22017fff0ef2282c_9-6337,https://st.hzcdn.com/simgs/659199710ef2282f_9-7180,
"Xavier Velvet Dining Chair, Gray, Gold Legs",https://st.hzcdn.com/simgs/1c610f4f0dd70537_9-5851,https://st.hzcdn.com/simgs/d5c117280dd7053b_9-2877,
"Karina Velvet Dining Chairs, Set of 2, Gray, Gold Base",https://st.hzcdn.com/simgs/c201100b0ae8ffea_9-2176,https://st.hzcdn.com/simgs/df91051c0ae8ffec_9-2176,
"GDF Studio Evelyn Mid Century Modern Fabric Arm Chair, Beige/Walnut",https://st.hzcdn.com/simgs/c1c1adee0f9082cf_9-1739,https://st.hzcdn.com/simgs/ffb1f4a90f9082d2_9-3629,
"Akoya Velvet Dining Chair, Set of 2, Navy",https://st.hzcdn.com/simgs/20518daf0bac0ce1_9-8224,https://st.hzcdn.com/simgs/2eb1d4660bac0ce3_9-2661,
